dataset,true_label_as_target,hard_mask,topk,explainer_name,num_test,fidelity_acc+,fidelity_acc-,fidelity_prob+,fidelity_prob-,fidelity_gnn_acc+,fidelity_gnn_acc-,fidelity_gnn_prob+,fidelity_gnn_prob-,f1_score,precision,recall,mask_size_init,mask_entropy_init,max_avg_init,cc_ratio_init,mask_size_transf,mask_entropy_transf,max_avg_transf,cc_ratio_transf,time,number_of_edges
syn1,True,True,1.0,basic_gnnexplainer,20.0,0.05,0.55,0.021081607788801193,0.4349266588687897,-1.0,-1.0,-1.0,-1.0,0.0857142857142857,0.3,0.049999999999999996,281.8,3.8139701299014654,0.42557504506308924,0.06498174457685586,1.0,0.0,1.0,0.5,3.2343,4110.0
syn1,True,True,1.0,distance,20.0,0.1,0.55,-0.024823006242513657,0.45087185502052307,-1.0,-1.0,-1.0,-1.0,0.24285714285714283,0.85,0.14166666666666664,4052.1,8.178818725297734,0.07516330341395817,0.0014285714285714286,1.0,0.0,1.0,0.5,0.0145,4110.0
syn1,True,True,1.0,gnnexplainer,20.0,0.05,0.55,-0.0049083963967859745,0.45087185502052307,-1.0,-1.0,-1.0,-1.0,0.11428571428571428,0.4,0.06666666666666667,281.8,3.6935496545516573,0.32527619456663737,0.06498174457685586,1.0,0.0,1.0,0.5,3.1841,4110.0
syn1,True,True,1.0,ig,20.0,0.1,0.55,0.002297478960826993,0.4590727686882019,-1.0,-1.0,-1.0,-1.0,0.02857142857142857,0.1,0.016666666666666666,4097.1,8.20425696241743,0.8923134702121118,0.0016428571428571432,1.0,0.0,1.0,0.5,0.1724,4110.0
syn1,True,True,1.0,occlusion,20.0,0.45,0.55,0.32656604051589966,0.4474000334739685,-1.0,-1.0,-1.0,-1.0,0.12857142857142856,0.45,0.075,4109.0,8.309862676151068,0.9249462863877405,0.0014285714285714286,1.0,0.0,1.0,0.5,0.6812,4110.0
syn1,True,True,1.0,pagerank,20.0,0.25,0.55,0.07108765095472336,0.4180522859096527,-1.0,-1.0,-1.0,-1.0,0.2857142857142857,1.0,0.16666666666666663,2987.4,6.366147200272256,0.0010056247006875524,0.0027506538915790077,1.0,0.0,1.0,0.5,0.0287,4110.0
syn1,True,True,1.0,pgexplainer,20.0,0.0,0.55,0.0,0.45087185502052307,-1.0,-1.0,-1.0,-1.0,0.0,0.0,0.0,923.7,5.82317199177394,0.01653129427957888,0.19425805253696501,1.0,0.0,1.0,0.5,49.9946,4110.0
syn1,True,True,1.0,pgmexplainer,20.0,0.15,0.55,0.07863400131464005,0.43338361382484436,-1.0,-1.0,-1.0,-1.0,0.24285714285714283,0.85,0.14166666666666664,802.3,5.698170467642355,0.24972856268444293,0.020465026039857327,1.0,0.0,1.0,0.5,3.1267,4110.0
syn1,True,True,1.0,random,20.0,0.0,0.55,-4.887580757895194e-07,0.45087185502052307,-1.0,-1.0,-1.0,-1.0,0.0,0.0,0.0,4104.7,8.126336122121874,0.4267193171526162,0.0014285714285714286,1.0,0.0,1.0,0.5,0.0002,4110.0
syn1,True,True,1.0,sa,20.0,0.55,0.55,0.37063997983932495,0.45907288789749146,-1.0,-1.0,-1.0,-1.0,0.02857142857142857,0.1,0.016666666666666666,3728.3,7.83762953814387,0.8919433566541951,0.002128294036061027,1.0,0.0,1.0,0.5,0.0036,4110.0
syn1,True,True,1.0,subgraphx,20.0,0.15,0.55,0.07192569226026535,0.43415507674217224,-1.0,-1.0,-1.0,-1.0,0.2714285714285714,0.95,0.1583333333333333,9.6,1.9908069252710916,1.0,0.2766666666666667,1.0,0.0,1.0,0.5,0.1252,4110.0
syn1,True,True,2.0,basic_gnnexplainer,20.0,0.05,0.6,-0.00049657525960356,0.48345184326171875,-1.0,-1.0,-1.0,-1.0,0.175,0.35,0.11666666666666667,281.8,3.8139701299014654,0.42557504506308924,0.06498174457685586,2.0,0.6931436903001674,0.9978048384932843,0.425,3.2343,4110.0
syn1,True,True,2.0,distance,20.0,0.1,0.55,-0.04671711474657059,0.45087185502052307,-1.0,-1.0,-1.0,-1.0,0.4625,0.925,0.3083333333333333,4052.1,8.178818725297734,0.07516330341395817,0.0014285714285714286,2.0,0.6931471805599453,1.0,0.33333333333333326,0.0145,4110.0
syn1,True,True,2.0,gnnexplainer,20.0,0.1,0.55,0.03411487489938736,0.4349265992641449,-1.0,-1.0,-1.0,-1.0,0.1625,0.325,0.10833333333333332,281.8,3.6935496545516573,0.32527619456663737,0.06498174457685586,2.0,0.6931422553036877,0.9977419959200635,0.45,3.1841,4110.0
syn1,True,True,2.0,ig,20.0,0.1,0.55,0.002278074622154236,0.467110812664032,-1.0,-1.0,-1.0,-1.0,0.02857142857142857,0.1,0.016666666666666666,4097.1,8.20425696241743,0.8923134702121118,0.0016428571428571432,2.0,0.6931471805599453,1.0,0.5,0.1724,4110.0
syn1,True,True,2.0,occlusion,20.0,0.45,0.2,0.3859647512435913,0.10764636844396591,-1.0,-1.0,-1.0,-1.0,0.2,0.4,0.13333333333333336,4109.0,8.309862676151068,0.9249462863877405,0.0014285714285714286,2.0,0.6928973856158619,0.9755007736495866,0.4416666666666667,0.6812,4110.0
syn1,True,True,2.0,pagerank,20.0,0.35,0.55,0.21414503455162048,0.3926365375518799,-1.0,-1.0,-1.0,-1.0,0.2857142857142857,1.0,0.16666666666666663,2987.4,6.366147200272256,0.0010056247006875524,0.0027506538915790077,2.0,0.6931471805599453,1.0,0.5,0.0287,4110.0
syn1,True,True,2.0,pgexplainer,20.0,0.0,0.55,0.0,0.45087185502052307,-1.0,-1.0,-1.0,-1.0,0.0,0.0,0.0,923.7,5.82317199177394,0.01653129427957888,0.19425805253696501,2.0,0.6931471805599453,1.0,0.5,49.9946,4110.0
syn1,True,True,2.0,pgmexplainer,20.0,0.35,0.55,0.2106209546327591,0.37666255235671997,-1.0,-1.0,-1.0,-1.0,0.24285714285714283,0.85,0.14166666666666664,802.3,5.698170467642355,0.24972856268444293,0.020465026039857327,2.0,0.6931471805599453,1.0,0.5,3.1267,4110.0
syn1,True,True,2.0,random,20.0,0.0,0.55,-4.887580757895194e-07,0.45087185502052307,-1.0,-1.0,-1.0,-1.0,0.0,0.0,0.0,4104.7,8.126336122121874,0.4267193171526162,0.0014285714285714286,2.0,0.6931471714019019,0.9997947417641381,0.5,0.0002,4110.0
syn1,True,True,2.0,sa,20.0,0.55,0.55,0.370618999004364,0.46711158752441406,-1.0,-1.0,-1.0,-1.0,0.02857142857142857,0.1,0.016666666666666666,3728.3,7.83762953814387,0.8919433566541951,0.002128294036061027,2.0,0.6931471805599453,1.0,0.5,0.0036,4110.0
syn1,True,True,2.0,subgraphx,20.0,0.2,0.55,0.12756872177124023,0.4426249563694,-1.0,-1.0,-1.0,-1.0,0.39821428571428574,0.925,0.2583333333333333,9.6,1.9908069252710916,1.0,0.2766666666666667,2.0,0.6931471805599453,1.0,0.425,0.1252,4110.0
syn1,True,True,3.0,basic_gnnexplainer,20.0,0.15,0.6,0.10108401626348495,0.47539225220680237,-1.0,-1.0,-1.0,-1.0,0.2125,0.325,0.15833333333333333,281.8,3.8139701299014654,0.42557504506308924,0.06498174457685586,3.0,1.0986068438891088,0.9964490005397518,0.40750000000000003,3.2343,4110.0
syn1,True,True,3.0,distance,20.0,0.1,0.55,-0.02692367136478424,0.4263094961643219,-1.0,-1.0,-1.0,-1.0,0.5638888888888888,0.8833333333333334,0.4166666666666667,4052.1,8.178818725297734,0.07516330341395817,0.0014285714285714286,3.0,1.0665704505765026,0.9969263888888887,0.26666666666666666,0.0145,4110.0
syn1,True,True,3.0,gnnexplainer,20.0,0.2,0.55,0.1333753764629364,0.43372541666030884,-1.0,-1.0,-1.0,-1.0,0.20833333333333334,0.35,0.15,281.8,3.6935496545516573,0.32527619456663737,0.06498174457685586,3.0,1.078981492587064,0.9959776212128381,0.4058333333333334,3.1841,4110.0
syn1,True,True,3.0,ig,20.0,0.1,0.55,-0.005913068540394306,0.4672020971775055,-1.0,-1.0,-1.0,-1.0,0.05,0.1,0.03333333333333333,4097.1,8.20425696241743,0.8923134702121118,0.0016428571428571432,3.0,1.0984863338427633,0.9998978271680619,0.42333333333333334,0.1724,4110.0
syn1,True,True,3.0,occlusion,20.0,0.45,0.2,0.38599568605422974,0.10226394981145859,-1.0,-1.0,-1.0,-1.0,0.2333333333333333,0.35,0.175,4109.0,8.309862676151068,0.9249462863877405,0.0014285714285714286,3.0,1.0976092910050967,0.9485360468050856,0.37750000000000006,0.6812,4110.0
syn1,True,True,3.0,pagerank,20.0,0.3,0.75,0.21346589922904968,0.5706263184547424,-1.0,-1.0,-1.0,-1.0,0.5,1.0,0.33333333333333326,2987.4,6.366147200272256,0.0010056247006875524,0.0027506538915790077,3.0,1.0978209990061574,0.9992144046993909,0.33333333333333326,0.0287,4110.0
syn1,True,True,3.0,pgexplainer,20.0,0.0,0.55,0.0,0.45087185502052307,-1.0,-1.0,-1.0,-1.0,0.0,0.0,0.0,923.7,5.82317199177394,0.01653129427957888,0.19425805253696501,3.0,1.0985963467572646,0.9998883756642749,0.5,49.9946,4110.0
syn1,True,True,3.0,pgmexplainer,20.0,0.35,0.55,0.19419802725315094,0.3789418935775757,-1.0,-1.0,-1.0,-1.0,0.3875,0.775,0.25833333333333325,802.3,5.698170467642355,0.24972856268444293,0.020465026039857327,3.0,1.0983147705565481,0.9996763666862121,0.37499999999999994,3.1267,4110.0
syn1,True,True,3.0,random,20.0,0.0,0.55,-4.887580757895194e-07,0.45087185502052307,-1.0,-1.0,-1.0,-1.0,0.0,0.0,0.0,4104.7,8.126336122121874,0.4267193171526162,0.0014285714285714286,3.0,1.0986122710309567,0.9996264022628942,0.495,0.0002,4110.0
syn1,True,True,3.0,sa,20.0,0.55,0.55,0.3542402386665344,0.46729421615600586,-1.0,-1.0,-1.0,-1.0,0.05,0.1,0.03333333333333333,3728.3,7.83762953814387,0.8919433566541951,0.002128294036061027,3.0,1.0983403474302849,0.9998526100579597,0.41833333333333333,0.0036,4110.0
syn1,True,True,3.0,subgraphx,20.0,0.25,0.6,0.1930510401725769,0.4823227524757385,-1.0,-1.0,-1.0,-1.0,0.4801587301587301,0.9166666666666666,0.3416666666666667,9.6,1.9908069252710916,1.0,0.2766666666666667,2.7,0.9769727562356602,1.0,0.3691666666666667,0.1252,4110.0
syn1,True,True,4.0,basic_gnnexplainer,20.0,0.25,0.6,0.13977251946926117,0.46300944685935974,-1.0,-1.0,-1.0,-1.0,0.24555555555555558,0.3458333333333333,0.19166666666666668,281.8,3.8139701299014654,0.42557504506308924,0.06498174457685586,4.0,1.386288413870671,0.9960086607786997,0.39738095238095233,3.2343,4110.0
syn1,True,True,4.0,distance,20.0,0.1,0.55,-0.001785561442375183,0.4309912621974945,-1.0,-1.0,-1.0,-1.0,0.6277777777777778,0.8291666666666666,0.5083333333333333,4052.1,8.178818725297734,0.07516330341395817,0.0014285714285714286,4.0,1.3368811371072669,0.6917951388888889,0.2266666666666667,0.0145,4110.0
syn1,True,True,4.0,gnnexplainer,20.0,0.25,0.6,0.13011658191680908,0.4811127185821533,-1.0,-1.0,-1.0,-1.0,0.24055555555555555,0.3333333333333333,0.19166666666666665,281.8,3.6935496545516573,0.32527619456663737,0.06498174457685586,4.0,1.3529246753621256,0.9457370509507033,0.39273809523809516,3.1841,4110.0
syn1,True,True,4.0,ig,20.0,0.1,0.55,-0.01410406082868576,0.46728935837745667,-1.0,-1.0,-1.0,-1.0,0.05,0.1,0.03333333333333333,4097.1,8.20425696241743,0.8923134702121118,0.0016428571428571432,4.0,1.386149253347924,0.9897827168061758,0.3666666666666666,0.1724,4110.0
syn1,True,True,4.0,occlusion,20.0,0.45,0.2,0.38599568605422974,0.10226394981145859,-1.0,-1.0,-1.0,-1.0,0.21000000000000002,0.2625,0.175,4109.0,8.309862676151068,0.9249462863877405,0.0014285714285714286,4.0,1.3846013704582474,0.9363326449287873,0.3635714285714285,0.6812,4110.0
syn1,True,True,4.0,pagerank,20.0,0.55,0.55,0.4504297375679016,0.3920030891895294,-1.0,-1.0,-1.0,-1.0,0.5,1.0,0.33333333333333326,2987.4,6.366147200272256,0.0010056247006875524,0.0027506538915790077,4.0,1.3853857516838466,0.9214404699391151,0.33333333333333326,0.0287,4110.0
syn1,True,True,4.0,pgexplainer,20.0,0.0,0.55,0.0,0.45087185502052307,-1.0,-1.0,-1.0,-1.0,0.0,0.0,0.0,923.7,5.82317199177394,0.01653129427957888,0.19425805253696501,4.0,1.386276368487734,0.9888375664274808,0.5,49.9946,4110.0
syn1,True,True,4.0,pgmexplainer,20.0,0.25,0.75,0.1738814264535904,0.5366851687431335,-1.0,-1.0,-1.0,-1.0,0.3875,0.775,0.25833333333333325,802.3,5.698170467642355,0.24972856268444293,0.020465026039857327,4.0,1.3859514415844767,0.967636668621215,0.37499999999999994,3.1267,4110.0
syn1,True,True,4.0,random,20.0,0.0,0.55,-4.887580757895194e-07,0.45087185502052307,-1.0,-1.0,-1.0,-1.0,0.0,0.0,0.0,4104.7,8.126336122121874,0.4267193171526162,0.0014285714285714286,4.0,1.3862943253745545,0.9993972742835364,0.4928571428571429,0.0002,4110.0
syn1,True,True,4.0,sa,20.0,0.55,0.55,0.3542402386665344,0.46729010343551636,-1.0,-1.0,-1.0,-1.0,0.05,0.1,0.03333333333333333,3728.3,7.83762953814387,0.8919433566541951,0.002128294036061027,4.0,1.3859775474201956,0.9852610057959608,0.36190476190476184,0.0036,4110.0
syn1,True,True,4.0,subgraphx,20.0,0.3,0.65,0.21526534855365753,0.5241245627403259,-1.0,-1.0,-1.0,-1.0,0.5368253968253968,0.9166666666666666,0.4083333333333333,9.6,1.9908069252710916,1.0,0.2766666666666667,3.4,1.1783502069519067,1.0,0.3075,0.1252,4110.0
syn1,True,True,5.0,basic_gnnexplainer,20.0,0.25,0.65,0.1276959329843521,0.4891807436943054,-1.0,-1.0,-1.0,-1.0,0.251010101010101,0.3208333333333333,0.20833333333333334,281.8,3.8139701299014654,0.42557504506308924,0.06498174457685586,5.0,1.598547793051692,0.9951554079175613,0.3806547619047619,3.2343,4110.0
syn1,True,True,5.0,distance,20.0,0.2,0.6,0.024194691330194473,0.4320394992828369,-1.0,-1.0,-1.0,-1.0,0.6593939393939394,0.8000000000000002,0.5666666666666667,4052.1,8.178818725297734,0.07516330341395817,0.0014285714285714286,5.0,1.542139298101056,0.6900897817460317,0.21166666666666667,0.0145,4110.0
syn1,True,True,5.0,gnnexplainer,20.0,0.35,0.6,0.17584459483623505,0.4723338186740875,-1.0,-1.0,-1.0,-1.0,0.2778787878787879,0.3325,0.2416666666666667,281.8,3.6935496545516573,0.32527619456663737,0.06498174457685586,5.0,1.5655544539421953,0.9452324822751338,0.372718253968254,3.1841,4110.0
syn1,True,True,5.0,ig,20.0,0.1,0.55,-0.01410406082868576,0.4672365188598633,-1.0,-1.0,-1.0,-1.0,0.06666666666666667,0.1,0.05,4097.1,8.20425696241743,0.8923134702121118,0.0016428571428571432,5.0,1.6092767634387328,0.9897366236800267,0.3385912698412698,0.1724,4110.0
syn1,True,True,5.0,occlusion,20.0,0.45,0.2,0.38599568605422974,0.10226394981145859,-1.0,-1.0,-1.0,-1.0,0.1909090909090909,0.21000000000000002,0.175,4109.0,8.309862676151068,0.9249462863877405,0.0014285714285714286,5.0,1.607576596980333,0.9309543665631155,0.3412698412698413,0.6812,4110.0
syn1,True,True,5.0,pagerank,20.0,0.55,0.55,0.45030251145362854,0.3431565463542938,-1.0,-1.0,-1.0,-1.0,0.6666666666666665,1.0,0.5,2987.4,6.366147200272256,0.0010056247006875524,0.0027506538915790077,5.0,1.6058496500434063,0.9204263890622821,0.2583333333333333,0.0287,4110.0
syn1,True,True,5.0,pgexplainer,20.0,0.0,0.55,-0.010827767662703991,0.45087185502052307,-1.0,-1.0,-1.0,-1.0,0.01111111111111111,0.016666666666666666,0.008333333333333333,923.7,5.82317199177394,0.01653129427957888,0.19425805253696501,5.0,1.6094167841873717,0.9887631493718454,0.5,49.9946,4110.0
syn1,True,True,5.0,pgmexplainer,20.0,0.3,0.8,0.21025006473064423,0.5536789894104004,-1.0,-1.0,-1.0,-1.0,0.47777777777777775,0.7166666666666666,0.3583333333333333,802.3,5.698170467642355,0.24972856268444293,0.020465026039857327,5.0,1.6086720994267822,0.9673027495872052,0.2875,3.1267,4110.0
syn1,True,True,5.0,random,20.0,0.0,0.55,-4.887580757895194e-07,0.45087185502052307,-1.0,-1.0,-1.0,-1.0,0.0,0.0,0.0,4104.7,8.126336122121874,0.4267193171526162,0.0014285714285714286,5.0,1.6094378538720462,0.9991782160758627,0.49444444444444446,0.0002,4110.0
syn1,True,True,5.0,sa,20.0,0.55,0.55,0.3542402386665344,0.46724367141723633,-1.0,-1.0,-1.0,-1.0,0.06666666666666667,0.1,0.05,3728.3,7.83762953814387,0.8919433566541951,0.002128294036061027,5.0,1.6090908941546107,0.9852179658131319,0.3385912698412698,0.0036,4110.0
syn1,True,True,5.0,subgraphx,20.0,0.3,0.65,0.23881670832633972,0.5119341611862183,-1.0,-1.0,-1.0,-1.0,0.5723809523809524,0.925,0.4499999999999999,9.6,1.9908069252710916,1.0,0.2766666666666667,4.1,1.3345506928718536,1.0,0.29500000000000004,0.1252,4110.0
syn1,True,True,6.0,basic_gnnexplainer,20.0,0.25,0.65,0.12775775790214539,0.4974137246608734,-1.0,-1.0,-1.0,-1.0,0.3118181818181818,0.35416666666666663,0.2833333333333333,281.8,3.8139701299014654,0.42557504506308924,0.06498174457685586,6.0,1.7631352342365623,0.9934272819443406,0.3609199134199134,3.2343,4110.0
syn1,True,True,6.0,distance,20.0,0.2,0.75,0.0778655931353569,0.5349620580673218,-1.0,-1.0,-1.0,-1.0,0.6884848484848484,0.7791666666666667,0.6249999999999999,4052.1,8.178818725297734,0.07516330341395817,0.0014285714285714286,6.0,1.7162857411113357,0.6065585317460318,0.1919047619047619,0.0145,4110.0
syn1,True,True,6.0,gnnexplainer,20.0,0.3,0.6,0.14962956309318542,0.46448126435279846,-1.0,-1.0,-1.0,-1.0,0.2946969696969697,0.3233333333333333,0.275,281.8,3.6935496545516573,0.32527619456663737,0.06498174457685586,6.0,1.7305040197844288,0.944496702353719,0.3576154401154401,3.1841,4110.0
syn1,True,True,6.0,ig,20.0,0.1,0.55,-0.01410406082868576,0.4657837748527527,-1.0,-1.0,-1.0,-1.0,0.06666666666666667,0.1,0.05,4097.1,8.20425696241743,0.8923134702121118,0.0016428571428571432,6.0,1.7915993259203706,0.9880612490279906,0.31916666666666665,0.1724,4110.0
syn1,True,True,6.0,occlusion,20.0,0.45,0.2,0.38599568605422974,0.10226394981145859,-1.0,-1.0,-1.0,-1.0,0.175,0.175,0.175,4109.0,8.309862676151068,0.9249462863877405,0.0014285714285714286,6.0,1.7899047298336064,0.9309543665631155,0.30630952380952375,0.6812,4110.0
syn1,True,True,6.0,pagerank,20.0,0.55,0.55,0.45088034868240356,0.20435352623462677,-1.0,-1.0,-1.0,-1.0,0.6666666666666665,1.0,0.5,2987.4,6.366147200272256,0.0010056247006875524,0.0027506538915790077,6.0,1.7869991869531865,0.8149969516820171,0.2583333333333333,0.0287,4110.0
syn1,True,True,6.0,pgexplainer,20.0,0.05,0.55,0.026425471529364586,0.4426844120025635,-1.0,-1.0,-1.0,-1.0,0.01111111111111111,0.016666666666666666,0.008333333333333333,923.7,5.82317199177394,0.01653129427957888,0.19425805253696501,6.0,1.791738103103711,0.9858531217083414,0.5,49.9946,4110.0
syn1,True,True,6.0,pgmexplainer,20.0,0.3,0.8,0.21025006473064423,0.49493712186813354,-1.0,-1.0,-1.0,-1.0,0.47777777777777775,0.7166666666666666,0.3583333333333333,802.3,5.698170467642355,0.24972856268444293,0.020465026039857327,6.0,1.7908251621314353,0.9443715854999668,0.2875,3.1267,4110.0
syn1,True,True,6.0,random,20.0,0.0,0.55,-4.887580757895194e-07,0.45087185502052307,-1.0,-1.0,-1.0,-1.0,0.0,0.0,0.0,4104.7,8.126336122121874,0.4267193171526162,0.0014285714285714286,6.0,1.7917593784291803,0.9989092210064865,0.4931818181818183,0.0002,4110.0
syn1,True,True,6.0,sa,20.0,0.55,0.55,0.3542402386665344,0.4661194682121277,-1.0,-1.0,-1.0,-1.0,0.06666666666666667,0.1,0.05,3728.3,7.83762953814387,0.8919433566541951,0.002128294036061027,6.0,1.7914158932662694,0.98320061075341,0.32249999999999995,0.0036,4110.0
syn1,True,True,6.0,subgraphx,20.0,0.55,0.6,0.35419851541519165,0.4475504457950592,-1.0,-1.0,-1.0,-1.0,0.6063203463203465,0.925,0.4999999999999999,9.6,1.9908069252710916,1.0,0.2766666666666667,4.8,1.4621757826276216,1.0,0.28750000000000003,0.1252,4110.0
syn1,True,True,7.0,basic_gnnexplainer,20.0,0.2,0.65,0.09949488937854767,0.48037537932395935,-1.0,-1.0,-1.0,-1.0,0.31953379953379957,0.3384523809523809,0.3083333333333334,281.8,3.8139701299014654,0.42557504506308924,0.06498174457685586,7.0,1.9023676341756457,0.9931047708300854,0.33624042624042627,3.2343,4110.0
syn1,True,True,7.0,distance,20.0,0.2,0.85,0.13380873203277588,0.6043182015419006,-1.0,-1.0,-1.0,-1.0,0.7087878787878787,0.7536904761904764,0.675,4052.1,8.178818725297734,0.07516330341395817,0.0014285714285714286,7.0,1.8671596701949098,0.6065585317460318,0.17767857142857146,0.0145,4110.0
syn1,True,True,7.0,gnnexplainer,20.0,0.25,0.6,0.10572998225688934,0.4675357937812805,-1.0,-1.0,-1.0,-1.0,0.3133682983682983,0.32404761904761903,0.3083333333333333,281.8,3.6935496545516573,0.32527619456663737,0.06498174457685586,7.0,1.8625716608404574,0.9434108480684273,0.328465700965701,3.1841,4110.0
syn1,True,True,7.0,ig,20.0,0.1,0.55,-0.01410406082868576,0.46558865904808044,-1.0,-1.0,-1.0,-1.0,0.08,0.1,0.06666666666666667,4097.1,8.20425696241743,0.8923134702121118,0.0016428571428571432,7.0,1.9453649646828264,0.988009710128454,0.2981818181818182,0.1724,4110.0
syn1,True,True,7.0,occlusion,20.0,0.45,0.2,0.38599568605422974,0.10226394981145859,-1.0,-1.0,-1.0,-1.0,0.16153846153846155,0.14999999999999997,0.175,4109.0,8.309862676151068,0.9249462863877405,0.0014285714285714286,7.0,1.9441243410693905,0.9309543665631155,0.29858585858585857,0.6812,4110.0
syn1,True,True,7.0,pagerank,20.0,0.55,0.25,0.4508761465549469,0.13509126007556915,-1.0,-1.0,-1.0,-1.0,0.7400000000000001,0.925,0.6166666666666665,2987.4,6.366147200272256,0.0010056247006875524,0.0027506538915790077,7.0,1.9370714462401941,0.8130627653616026,0.23500000000000001,0.0287,4110.0
syn1,True,True,7.0,pgexplainer,20.0,0.05,0.55,0.026425471529364586,0.4426844120025635,-1.0,-1.0,-1.0,-1.0,0.01,0.0125,0.008333333333333333,923.7,5.82317199177394,0.01653129427957888,0.19425805253696501,7.0,1.9458579076018772,0.9856901320241491,0.5,49.9946,4110.0
syn1,True,True,7.0,pgmexplainer,20.0,0.3,0.8,0.21265068650245667,0.518196165561676,-1.0,-1.0,-1.0,-1.0,0.51,0.6375,0.425,802.3,5.698170467642355,0.24972856268444293,0.020465026039857327,7.0,1.9420353131629227,0.9485256866909608,0.28428571428571425,3.1267,4110.0
syn1,True,True,7.0,random,20.0,0.0,0.55,-4.887580757895194e-07,0.45087185502052307,-1.0,-1.0,-1.0,-1.0,0.0,0.0,0.0,4104.7,8.126336122121874,0.4267193171526162,0.0014285714285714286,7.0,1.9459100163121537,0.9987995372818643,0.49230769230769234,0.0002,4110.0
syn1,True,True,7.0,sa,20.0,0.55,0.55,0.3542402386665344,0.4661194682121277,-1.0,-1.0,-1.0,-1.0,0.08,0.1,0.06666666666666667,3728.3,7.83762953814387,0.8919433566541951,0.002128294036061027,7.0,1.9453494702489091,0.9831113678449244,0.30083333333333334,0.0036,4110.0
syn1,True,True,7.0,subgraphx,20.0,0.5,0.6,0.3468726575374603,0.4309372901916504,-1.0,-1.0,-1.0,-1.0,0.6625324675324675,0.9325000000000001,0.5833333333333333,9.6,1.9908069252710916,1.0,0.2766666666666667,5.5,1.570081258506702,1.0,0.2833333333333333,0.1252,4110.0
syn1,True,True,8.0,basic_gnnexplainer,20.0,0.3,0.6,0.1549907624721527,0.4696651101112366,-1.0,-1.0,-1.0,-1.0,0.33727106227106224,0.3302380952380952,0.35000000000000003,281.8,3.8139701299014654,0.42557504506308924,0.06498174457685586,8.0,2.009997976546044,0.942968703301592,0.31600926850926847,3.2343,4110.0
syn1,True,True,8.0,distance,20.0,0.25,0.7,0.180739626288414,0.5150498151779175,-1.0,-1.0,-1.0,-1.0,0.7332750582750582,0.7420238095238096,0.7333333333333333,4052.1,8.178818725297734,0.07516330341395817,0.0014285714285714286,8.0,1.9953365956194424,0.43736150793650796,0.16456349206349208,0.0145,4110.0
syn1,True,True,8.0,gnnexplainer,20.0,0.25,0.6,0.10051345825195312,0.46387094259262085,-1.0,-1.0,-1.0,-1.0,0.32712287712287713,0.3183928571428571,0.3416666666666667,281.8,3.6935496545516573,0.32527619456663737,0.06498174457685586,8.0,1.970589096059235,0.9424777093066874,0.3023773448773449,3.1841,4110.0
syn1,True,True,8.0,ig,20.0,0.1,0.55,-0.01410406082868576,0.4643746316432953,-1.0,-1.0,-1.0,-1.0,0.08,0.1,0.06666666666666667,4097.1,8.20425696241743,0.8923134702121118,0.0016428571428571432,8.0,2.0786738329527994,0.9703948006299147,0.2905944055944055,0.1724,4110.0
syn1,True,True,8.0,occlusion,20.0,0.45,0.2,0.38599568605422974,0.10226394981145859,-1.0,-1.0,-1.0,-1.0,0.14999999999999997,0.13125,0.175,4109.0,8.309862676151068,0.9249462863877405,0.0014285714285714286,8.0,2.0777451384153283,0.9309543665631155,0.2806060606060606,0.6812,4110.0
syn1,True,True,8.0,pagerank,20.0,0.55,0.1,0.45087185502052307,0.025928571820259094,-1.0,-1.0,-1.0,-1.0,0.7400000000000001,0.925,0.6166666666666665,2987.4,6.366147200272256,0.0010056247006875524,0.0027506538915790077,8.0,2.068254041566175,0.7108198058391558,0.23500000000000001,0.0287,4110.0
syn1,True,True,8.0,pgexplainer,20.0,0.05,0.55,0.026425471529364586,0.4426844120025635,-1.0,-1.0,-1.0,-1.0,0.01,0.0125,0.008333333333333333,923.7,5.82317199177394,0.01653129427957888,0.19425805253696501,8.0,2.0793733284661666,0.9713138268411659,0.5,49.9946,4110.0
syn1,True,True,8.0,pgmexplainer,20.0,0.3,0.85,0.21266627311706543,0.5157285928726196,-1.0,-1.0,-1.0,-1.0,0.51,0.6375,0.425,802.3,5.698170467642355,0.24972856268444293,0.020465026039857327,8.0,2.0737968559147895,0.8787118565470813,0.28428571428571425,3.1267,4110.0
syn1,True,True,8.0,random,20.0,0.0,0.55,-4.887580757895194e-07,0.45087185502052307,-1.0,-1.0,-1.0,-1.0,0.0,0.0,0.0,4104.7,8.126336122121874,0.4267193171526162,0.0014285714285714286,8.0,2.079441361618014,0.9987613506211886,0.49000000000000005,0.0002,4110.0
syn1,True,True,8.0,sa,20.0,0.55,0.55,0.3542402386665344,0.4647842347621918,-1.0,-1.0,-1.0,-1.0,0.08,0.1,0.06666666666666667,3728.3,7.83762953814387,0.8919433566541951,0.002128294036061027,8.0,2.0787643474350483,0.9720850620096974,0.2931585081585081,0.0036,4110.0
syn1,True,True,8.0,subgraphx,20.0,0.3,0.75,0.241214320063591,0.5016031265258789,-1.0,-1.0,-1.0,-1.0,0.6932900432900432,0.9366666666666668,0.6333333333333333,9.6,1.9908069252710916,1.0,0.2766666666666667,6.2,1.6635532333438683,1.0,0.2833333333333333,0.1252,4110.0
syn1,True,True,9.0,basic_gnnexplainer,20.0,0.25,0.6,0.14117403328418732,0.4545225501060486,-1.0,-1.0,-1.0,-1.0,0.3416283716283717,0.32593253968253966,0.3666666666666667,281.8,3.8139701299014654,0.42557504506308924,0.06498174457685586,9.0,2.099275885567123,0.9423161830411881,0.3011646931499873,3.2343,4110.0
syn1,True,True,9.0,distance,20.0,0.35,0.55,0.2703453004360199,0.42616161704063416,-1.0,-1.0,-1.0,-1.0,0.7357109557109558,0.7064484126984127,0.7750000000000001,4052.1,8.178818725297734,0.07516330341395817,0.0014285714285714286,9.0,2.105094512648487,0.43736150793650796,0.14932539682539678,0.0145,4110.0
syn1,True,True,9.0,gnnexplainer,20.0,0.25,0.55,0.0897163525223732,0.46201521158218384,-1.0,-1.0,-1.0,-1.0,0.33853146853146854,0.3200396825396825,0.36666666666666664,281.8,3.6935496545516573,0.32527619456663737,0.06498174457685586,9.0,2.0602528447306483,0.94172134921657,0.2944293247602071,3.1841,4110.0
syn1,True,True,9.0,ig,20.0,0.1,0.55,-0.01410406082868576,0.4646551012992859,-1.0,-1.0,-1.0,-1.0,0.09090909090909091,0.1,0.08333333333333334,4097.1,8.20425696241743,0.8923134702121118,0.0016428571428571432,9.0,2.1963146282083885,0.9701950579987942,0.2741916416916417,0.1724,4110.0
syn1,True,True,9.0,occlusion,20.0,0.45,0.2,0.38599568605422974,0.10226394981145859,-1.0,-1.0,-1.0,-1.0,0.13999999999999999,0.11666666666666665,0.175,4109.0,8.309862676151068,0.9249462863877405,0.0014285714285714286,9.0,2.195621279416909,0.9309543665631155,0.272027972027972,0.6812,4110.0
syn1,True,True,9.0,pagerank,20.0,0.55,0.1,0.45087185502052307,0.04551489278674126,-1.0,-1.0,-1.0,-1.0,0.8545454545454543,0.9400000000000001,0.7833333333333334,2987.4,6.366147200272256,0.0010056247006875524,0.0027506538915790077,9.0,2.1801247379474744,0.7213313983411705,0.20000000000000004,0.0287,4110.0
syn1,True,True,9.0,pgexplainer,20.0,0.05,0.55,0.026425471529364586,0.4426844120025635,-1.0,-1.0,-1.0,-1.0,0.00909090909090909,0.01,0.008333333333333333,923.7,5.82317199177394,0.01653129427957888,0.19425805253696501,9.0,2.197145129772744,0.9711404666415542,0.5,49.9946,4110.0
syn1,True,True,9.0,pgmexplainer,20.0,0.3,0.45,0.2138402909040451,0.421314001083374,-1.0,-1.0,-1.0,-1.0,0.5454545454545453,0.6,0.5,802.3,5.698170467642355,0.24972856268444293,0.020465026039857327,9.0,2.1898059617183647,0.8777926979821029,0.2598015873015873,3.1267,4110.0
syn1,True,True,9.0,random,20.0,0.0,0.55,-0.00864747166633606,0.45087185502052307,-1.0,-1.0,-1.0,-1.0,0.0,0.0,0.0,4104.7,8.126336122121874,0.4267193171526162,0.0014285714285714286,9.0,2.197224350052296,0.9985411423345134,0.48639705882352946,0.0002,4110.0
syn1,True,True,9.0,sa,20.0,0.55,0.55,0.3542402386665344,0.46449509263038635,-1.0,-1.0,-1.0,-1.0,0.09090909090909091,0.1,0.08333333333333334,3728.3,7.83762953814387,0.8919433566541951,0.002128294036061027,9.0,2.1964814782087587,0.9719717432366858,0.2750524475524475,0.0036,4110.0
syn1,True,True,9.0,subgraphx,20.0,0.3,0.6,0.2504265010356903,0.4715661108493805,-1.0,-1.0,-1.0,-1.0,0.7114135864135864,0.937857142857143,0.6666666666666666,9.6,1.9908069252710916,1.0,0.2766666666666667,6.9,1.746001358303337,1.0,0.2833333333333333,0.1252,4110.0
syn1,True,True,10.0,basic_gnnexplainer,20.0,0.3,0.55,0.15255454182624817,0.4552156329154968,-1.0,-1.0,-1.0,-1.0,0.35828671328671324,0.33059523809523805,0.4,281.8,3.8139701299014654,0.42557504506308924,0.06498174457685586,10.0,2.1689613326356554,0.8917300295037721,0.2898131198866493,3.2343,4110.0
syn1,True,True,10.0,distance,20.0,0.35,0.5,0.285865843296051,0.36344775557518005,-1.0,-1.0,-1.0,-1.0,0.7415946553446554,0.6865079365079365,0.8166666666666668,4052.1,8.178818725297734,0.07516330341395817,0.0014285714285714286,10.0,2.2034963333482205,0.43736150793650796,0.14301587301587299,0.0145,4110.0
syn1,True,True,10.0,gnnexplainer,20.0,0.25,0.55,0.09415434300899506,0.45121607184410095,-1.0,-1.0,-1.0,-1.0,0.34265567765567767,0.30785714285714283,0.3916666666666667,281.8,3.6935496545516573,0.32527619456663737,0.06498174457685586,10.0,2.1303103027791517,0.8911203665206759,0.27735501383721195,3.1841,4110.0
syn1,True,True,10.0,ig,20.0,0.1,0.55,-0.01410406082868576,0.46212998032569885,-1.0,-1.0,-1.0,-1.0,0.09090909090909091,0.1,0.08333333333333334,4097.1,8.20425696241743,0.8923134702121118,0.0016428571428571432,10.0,2.301593410570624,0.96989399797858,0.25818681318681314,0.1724,4110.0
syn1,True,True,10.0,occlusion,20.0,0.45,0.2,0.38599568605422974,0.10226394981145859,-1.0,-1.0,-1.0,-1.0,0.13124999999999998,0.10500000000000001,0.175,4109.0,8.309862676151068,0.9249462863877405,0.0014285714285714286,10.0,2.3010717590245275,0.9309543665631155,0.26804029304029303,0.6812,4110.0
syn1,True,True,10.0,pagerank,20.0,0.55,0.1,0.45087185502052307,0.05521487072110176,-1.0,-1.0,-1.0,-1.0,0.8545454545454543,0.9400000000000001,0.7833333333333334,2987.4,6.366147200272256,0.0010056247006875524,0.0027506538915790077,10.0,2.2815239958902347,0.6016978141440255,0.20000000000000004,0.0287,4110.0
syn1,True,True,10.0,pgexplainer,20.0,0.05,0.55,0.026425471529364586,0.4426844120025635,-1.0,-1.0,-1.0,-1.0,0.00909090909090909,0.01,0.008333333333333333,923.7,5.82317199177394,0.01653129427957888,0.19425805253696501,10.0,2.3024999533303214,0.969486131649262,0.5,49.9946,4110.0
syn1,True,True,10.0,pgmexplainer,20.0,0.3,0.4,0.21387329697608948,0.3392444849014282,-1.0,-1.0,-1.0,-1.0,0.5454545454545453,0.6,0.5,802.3,5.698170467642355,0.24972856268444293,0.020465026039857327,10.0,2.2940324031952395,0.8093875222036532,0.2598015873015873,3.1267,4110.0
syn1,True,True,10.0,random,20.0,0.0,0.55,-0.00864747166633606,0.45087185502052307,-1.0,-1.0,-1.0,-1.0,0.0,0.0,0.0,4104.7,8.126336122121874,0.4267193171526162,0.0014285714285714286,10.0,2.302584806308516,0.9985401756267531,0.4852339181286549,0.0002,4110.0
syn1,True,True,10.0,sa,20.0,0.55,0.55,0.3542402386665344,0.4626768231391907,-1.0,-1.0,-1.0,-1.0,0.09090909090909091,0.1,0.08333333333333334,3728.3,7.83762953814387,0.8919433566541951,0.002128294036061027,10.0,2.301810355795207,0.971830117244566,0.25917124542124537,0.0036,4110.0
syn1,True,True,10.0,subgraphx,20.0,0.35,0.45,0.2808908522129059,0.39050593972206116,-1.0,-1.0,-1.0,-1.0,0.7302364302364303,0.9419047619047619,0.7,9.6,1.9908069252710916,1.0,0.2766666666666667,7.6,1.8197537192638156,1.0,0.2816666666666667,0.1252,4110.0
syn1,True,True,15.0,basic_gnnexplainer,20.0,0.25,0.45,0.16170141100883484,0.3646512031555176,-1.0,-1.0,-1.0,-1.0,0.38534989906893935,0.3222774447774447,0.5,281.8,3.8139701299014654,0.42557504506308924,0.06498174457685586,14.85,2.396759609002612,0.7899412437819167,0.23219411183445712,3.2343,4110.0
syn1,True,True,15.0,distance,20.0,0.5,0.25,0.40087470412254333,0.10462738573551178,-1.0,-1.0,-1.0,-1.0,0.706190476190476,0.5626406926406925,0.9583333333333333,4052.1,8.178818725297734,0.07516330341395817,0.0014285714285714286,15.0,2.587577673172069,0.3538397486772487,0.10688547563547564,0.0145,4110.0
syn1,True,True,15.0,gnnexplainer,20.0,0.25,0.55,0.10871241241693497,0.4619961678981781,-1.0,-1.0,-1.0,-1.0,0.3726188680600445,0.31141774891774887,0.4833333333333333,281.8,3.6935496545516573,0.32527619456663737,0.06498174457685586,14.85,2.3267494364018626,0.7887017302697426,0.23663849222672756,3.1841,4110.0
syn1,True,True,15.0,ig,20.0,0.1,0.55,-0.01410406082868576,0.4551689028739929,-1.0,-1.0,-1.0,-1.0,0.08571428571428572,0.075,0.1,4097.1,8.20425696241743,0.8923134702121118,0.0016428571428571432,15.0,2.7036256709343487,0.9694264887088974,0.21954457221485085,0.1724,4110.0
syn1,True,True,15.0,occlusion,20.0,0.45,0.2,0.38599568605422974,0.10226394981145859,-1.0,-1.0,-1.0,-1.0,0.1,0.06999999999999999,0.175,4109.0,8.309862676151068,0.9249462863877405,0.0014285714285714286,15.0,2.7068942370087337,0.9309543665631155,0.23380325814536337,0.6812,4110.0
syn1,True,True,15.0,pagerank,20.0,0.55,0.0,0.45087185502052307,-0.006191675551235676,-1.0,-1.0,-1.0,-1.0,0.8571428571428571,0.75,1.0,2987.4,6.366147200272256,0.0010056247006875524,0.0027506538915790077,15.0,2.634475648820198,0.46259647537068355,0.14285714285714285,0.0287,4110.0
syn1,True,True,15.0,pgexplainer,20.0,0.05,0.55,0.026425471529364586,0.4426844120025635,-1.0,-1.0,-1.0,-1.0,0.0071428571428571435,0.00625,0.008333333333333333,923.7,5.82317199177394,0.01653129427957888,0.19425805253696501,15.0,2.7079398691490244,0.9643550586306844,0.5,49.9946,4110.0
syn1,True,True,15.0,pgmexplainer,20.0,0.3,0.35,0.2432366907596588,0.31017857789993286,-1.0,-1.0,-1.0,-1.0,0.5285714285714287,0.4625,0.6166666666666666,802.3,5.698170467642355,0.24972856268444293,0.020465026039857327,15.0,2.6874642223789853,0.8006415036032264,0.21544733044733042,3.1267,4110.0
syn1,True,True,15.0,random,20.0,0.0,0.55,-0.00877340417355299,0.45087185502052307,-1.0,-1.0,-1.0,-1.0,0.004761904761904761,0.003333333333333333,0.008333333333333333,4104.7,8.126336122121874,0.4267193171526162,0.0014285714285714286,15.0,2.708049527694045,0.9976518763021911,0.4804118773946359,0.0002,4110.0
syn1,True,True,15.0,sa,20.0,0.55,0.55,0.3542402386665344,0.4556688368320465,-1.0,-1.0,-1.0,-1.0,0.08571428571428572,0.075,0.1,3728.3,7.83762953814387,0.8919433566541951,0.002128294036061027,15.0,2.704061707860322,0.9715202603802725,0.22517117068032402,0.0036,4110.0
syn1,True,True,15.0,subgraphx,20.0,0.3,0.4,0.2610403895378113,0.3222704231739044,-1.0,-1.0,-1.0,-1.0,0.7276723276723277,0.9228571428571429,0.7166666666666666,9.6,1.9908069252710916,1.0,0.2766666666666667,9.6,1.9908069252710916,1.0,0.2766666666666667,0.1252,4110.0
syn1,True,True,20.0,basic_gnnexplainer,20.0,0.25,0.5,0.16160012781620026,0.3921871781349182,-1.0,-1.0,-1.0,-1.0,0.4187538251222461,0.33479676755992543,0.6083333333333333,281.8,3.8139701299014654,0.42557504506308924,0.06498174457685586,18.9,2.516665805659758,0.689422191011605,0.1932390260882908,3.2343,4110.0
syn1,True,True,20.0,distance,20.0,0.55,0.05,0.45019301772117615,0.043547339737415314,-1.0,-1.0,-1.0,-1.0,0.5876772960068155,0.42171986102133163,0.975,4052.1,8.178818725297734,0.07516330341395817,0.0014285714285714286,20.0,2.8640185717491295,0.29321474867724867,0.07705232267732268,0.0145,4110.0
syn1,True,True,20.0,gnnexplainer,20.0,0.35,0.55,0.17844261229038239,0.48119473457336426,-1.0,-1.0,-1.0,-1.0,0.3903160027107395,0.31609878060535956,0.55,281.8,3.6935496545516573,0.32527619456663737,0.06498174457685586,18.9,2.434894228038737,0.5903686514841292,0.19900396172454998,3.1841,4110.0
syn1,True,True,20.0,ig,20.0,0.1,0.55,-0.01410406082868576,0.4551689028739929,-1.0,-1.0,-1.0,-1.0,0.06666666666666667,0.05,0.1,4097.1,8.20425696241743,0.8923134702121118,0.0016428571428571432,20.0,2.9827251077116133,0.9205890596318627,0.19420624866277042,0.1724,4110.0
syn1,True,True,20.0,occlusion,20.0,0.45,0.2,0.38599568605422974,0.10226394981145859,-1.0,-1.0,-1.0,-1.0,0.08123076923076923,0.05289473684210526,0.175,4109.0,8.309862676151068,0.9249462863877405,0.0014285714285714286,20.0,2.9948073118357756,0.9309543665631155,0.2150702739289696,0.6812,4110.0
syn1,True,True,20.0,pagerank,20.0,0.55,0.0,0.45087185502052307,-0.009697556495666504,-1.0,-1.0,-1.0,-1.0,0.7499999999999999,0.5999999999999999,1.0,2987.4,6.366147200272256,0.0010056247006875524,0.0027506538915790077,20.0,2.8002986633224873,0.12585009693838198,0.11111111111111112,0.0287,4110.0
syn1,True,True,20.0,pgexplainer,20.0,0.05,0.55,0.026425471529364586,0.4426844120025635,-1.0,-1.0,-1.0,-1.0,0.00625,0.005,0.008333333333333333,923.7,5.82317199177394,0.01653129427957888,0.19425805253696501,20.0,2.995569710132891,0.9494526800555212,0.5,49.9946,4110.0
syn1,True,True,20.0,pgmexplainer,20.0,0.4,0.3,0.3117719888687134,0.2690032124519348,-1.0,-1.0,-1.0,-1.0,0.47986326109391114,0.3758041958041957,0.6666666666666666,802.3,5.698170467642355,0.24972856268444293,0.020465026039857327,20.0,2.95991596634462,0.6531108442578231,0.17100191475191476,3.1267,4110.0
syn1,True,True,20.0,random,20.0,0.0,0.55,-0.008827042765915394,0.45087185502052307,-1.0,-1.0,-1.0,-1.0,0.0038461538461538455,0.0025,0.008333333333333333,4104.7,8.126336122121874,0.4267193171526162,0.0014285714285714286,20.0,2.9957310944427915,0.9970865147972067,0.47111220532273157,0.0002,4110.0
syn1,True,True,20.0,sa,20.0,0.55,0.55,0.3542402386665344,0.45558881759643555,-1.0,-1.0,-1.0,-1.0,0.06862745098039216,0.05227272727272727,0.1,3728.3,7.83762953814387,0.8919433566541951,0.002128294036061027,20.0,2.982116922853307,0.9186293153722073,0.19918069949929024,0.0036,4110.0
syn1,True,True,20.0,subgraphx,20.0,0.3,0.4,0.2610403895378113,0.3222704231739044,-1.0,-1.0,-1.0,-1.0,0.7276723276723277,0.9228571428571429,0.7166666666666666,9.6,1.9908069252710916,1.0,0.2766666666666667,9.6,1.9908069252710916,1.0,0.2766666666666667,0.1252,4110.0
syn1,True,True,25.0,basic_gnnexplainer,20.0,0.25,0.4,0.18311193585395813,0.34535127878189087,-1.0,-1.0,-1.0,-1.0,0.4115871862650116,0.3248766647868815,0.6333333333333333,281.8,3.8139701299014654,0.42557504506308924,0.06498174457685586,22.9,2.61054504608883,0.5413893077366734,0.1803544616418936,3.2343,4110.0
syn1,True,True,25.0,distance,20.0,0.55,0.0,0.45087185502052307,0.0052564069628715515,-1.0,-1.0,-1.0,-1.0,0.48070078713556974,0.31855558012678753,0.9833333333333334,4052.1,8.178818725297734,0.07516330341395817,0.0014285714285714286,25.0,3.068998631900875,0.2881101190476191,0.05739637082903336,0.0145,4110.0
syn1,True,True,25.0,gnnexplainer,20.0,0.3,0.45,0.15715458989143372,0.37838485836982727,-1.0,-1.0,-1.0,-1.0,0.39795745122097564,0.3172535291412496,0.5916666666666667,281.8,3.6935496545516573,0.32527619456663737,0.06498174457685586,22.9,2.520204543431149,0.3918715150365647,0.18163260335818893,3.1841,4110.0
syn1,True,True,25.0,ig,20.0,0.1,0.55,-0.01410406082868576,0.4551689028739929,-1.0,-1.0,-1.0,-1.0,0.05766590389016017,0.04072398190045249,0.1,4097.1,8.20425696241743,0.8923134702121118,0.0016428571428571432,25.0,3.2012342344548506,0.9205890596318627,0.17287465646412356,0.1724,4110.0
syn1,True,True,25.0,occlusion,20.0,0.45,0.2,0.38599568605422974,0.10226394981145859,-1.0,-1.0,-1.0,-1.0,0.06806451612903226,0.042249999999999996,0.175,4109.0,8.309862676151068,0.9249462863877405,0.0014285714285714286,25.0,3.2181072520601353,0.9309543665631155,0.1765774850293596,0.6812,4110.0
syn1,True,True,25.0,pagerank,20.0,0.55,0.0,0.45087185502052307,-0.006793984677642584,-1.0,-1.0,-1.0,-1.0,0.631578947368421,0.46153846153846156,1.0,2987.4,6.366147200272256,0.0010056247006875524,0.0027506538915790077,25.0,2.942616203272879,0.12125302126895185,0.08409090909090908,0.0287,4110.0
syn1,True,True,25.0,pgexplainer,20.0,0.05,0.55,0.02080627903342247,0.4426844120025635,-1.0,-1.0,-1.0,-1.0,0.010526315789473684,0.007692307692307693,0.016666666666666666,923.7,5.82317199177394,0.01653129427957888,0.19425805253696501,25.0,3.218635923798846,0.9456944643170242,0.5,49.9946,4110.0
syn1,True,True,25.0,pgmexplainer,20.0,0.45,0.2,0.34165915846824646,0.21375557780265808,-1.0,-1.0,-1.0,-1.0,0.4289348370927318,0.3098901098901099,0.7,802.3,5.698170467642355,0.24972856268444293,0.020465026039857327,25.0,3.1736912792119933,0.6607917106119473,0.12332243908482302,3.1267,4110.0
syn1,True,True,25.0,random,20.0,0.0,0.55,-0.008689945563673973,0.45087185502052307,-1.0,-1.0,-1.0,-1.0,0.0064516129032258064,0.004,0.016666666666666666,4104.7,8.126336122121874,0.4267193171526162,0.0014285714285714286,25.0,3.2188740156268976,0.9963305090564939,0.46482447101706714,0.0002,4110.0
syn1,True,True,25.0,sa,20.0,0.55,0.55,0.3542402386665344,0.45556601881980896,-1.0,-1.0,-1.0,-1.0,0.06015037593984962,0.04307692307692308,0.1,3728.3,7.83762953814387,0.8919433566541951,0.002128294036061027,25.0,3.1998804459030388,0.9186293153722073,0.17547885196314006,0.0036,4110.0
syn1,True,True,25.0,subgraphx,20.0,0.3,0.4,0.2610403895378113,0.3222704231739044,-1.0,-1.0,-1.0,-1.0,0.7276723276723277,0.9228571428571429,0.7166666666666666,9.6,1.9908069252710916,1.0,0.2766666666666667,9.6,1.9908069252710916,1.0,0.2766666666666667,0.1252,4110.0
syn1,True,True,50.0,basic_gnnexplainer,20.0,0.25,0.35,0.1814543455839157,0.31814780831336975,-1.0,-1.0,-1.0,-1.0,0.4135256889921027,0.32168456790924116,0.725,281.8,3.8139701299014654,0.42557504506308924,0.06498174457685586,37.6,2.8975699345053476,0.44004709404992787,0.1262324964247295,3.2343,4110.0
syn1,True,True,50.0,distance,20.0,0.55,0.0,0.45087185502052307,-0.014338493347167969,-1.0,-1.0,-1.0,-1.0,0.25144970961357516,0.14394330850444875,1.0,4052.1,8.178818725297734,0.07516330341395817,0.0014285714285714286,50.0,3.7372934453534965,0.19742410714285713,0.02725981971178622,0.0145,4110.0
syn1,True,True,50.0,gnnexplainer,20.0,0.3,0.35,0.19842763245105743,0.32658466696739197,-1.0,-1.0,-1.0,-1.0,0.40618599442670644,0.31757933753315576,0.6916666666666667,281.8,3.6935496545516573,0.32527619456663737,0.06498174457685586,37.6,2.78649088904678,0.3406417138592101,0.12257246423118569,3.1841,4110.0
syn1,True,True,50.0,ig,20.0,0.1,0.55,-0.01410406082868576,0.4551689028739929,-1.0,-1.0,-1.0,-1.0,0.030169704588309237,0.01778552746294682,0.1,4097.1,8.20425696241743,0.8923134702121118,0.0016428571428571432,50.0,3.850023569649621,0.9101324822412604,0.1360279102969448,0.1724,4110.0
syn1,True,True,50.0,occlusion,20.0,0.45,0.2,0.38599568605422974,0.10226394981145859,-1.0,-1.0,-1.0,-1.0,0.038265306122448974,0.021488372093023254,0.175,4109.0,8.309862676151068,0.9249462863877405,0.0014285714285714286,50.0,3.9116092099308895,0.9309543665631155,0.12033410415817189,0.6812,4110.0
syn1,True,True,50.0,pagerank,20.0,0.55,0.0,0.45087185502052307,-0.003081741975620389,-1.0,-1.0,-1.0,-1.0,0.3870967741935483,0.24000000000000005,1.0,2987.4,6.366147200272256,0.0010056247006875524,0.0027506538915790077,50.0,3.293727686193396,0.06011535000608268,0.04867843628679542,0.0287,4110.0
syn1,True,True,50.0,pgexplainer,20.0,0.15,0.55,0.0941675454378128,0.41812199354171753,-1.0,-1.0,-1.0,-1.0,0.012903225806451613,0.008,0.03333333333333333,923.7,5.82317199177394,0.01653129427957888,0.19425805253696501,50.0,3.911230290054705,0.8943474300268791,0.5,49.9946,4110.0
syn1,True,True,50.0,pgmexplainer,20.0,0.45,0.2,0.33708202838897705,0.18018576502799988,-1.0,-1.0,-1.0,-1.0,0.2974148638292228,0.19313011593656756,0.725,802.3,5.698170467642355,0.24972856268444293,0.020465026039857327,45.7,3.7402242040597087,0.5526547270501319,0.07143427983287373,3.1267,4110.0
syn1,True,True,50.0,random,20.0,0.0,0.55,-0.014561784453690052,0.45087185502052307,-1.0,-1.0,-1.0,-1.0,0.007175324675324675,0.004020408163265306,0.03333333333333333,4104.7,8.126336122121874,0.4267193171526162,0.0014285714285714286,50.0,3.912016142545665,0.992907648154033,0.4292577991122889,0.0002,4110.0
syn1,True,True,50.0,sa,20.0,0.55,0.55,0.3542402386665344,0.4555354118347168,-1.0,-1.0,-1.0,-1.0,0.033035714285714286,0.019871794871794874,0.1,3728.3,7.83762953814387,0.8919433566541951,0.002128294036061027,50.0,3.846132476163806,0.9092442742239493,0.12053580482937525,0.0036,4110.0
syn1,True,True,50.0,subgraphx,20.0,0.3,0.4,0.2610403895378113,0.3222704231739044,-1.0,-1.0,-1.0,-1.0,0.7276723276723277,0.9228571428571429,0.7166666666666666,9.6,1.9908069252710916,1.0,0.2766666666666667,9.6,1.9908069252710916,1.0,0.2766666666666667,0.1252,4110.0
syn1,True,True,100.0,basic_gnnexplainer,20.0,0.25,0.35,0.18330582976341248,0.3281233012676239,-1.0,-1.0,-1.0,-1.0,0.4158232679231812,0.3221210163588647,0.8166666666666667,281.8,3.8139701299014654,0.42557504506308924,0.06498174457685586,57.9,3.16972745318573,0.4369904389916905,0.08665101728959199,3.2343,4110.0
syn1,True,True,100.0,distance,20.0,0.55,0.0,0.45087185502052307,-0.011885607615113258,-1.0,-1.0,-1.0,-1.0,0.12848678795232588,0.06866532955843134,1.0,4052.1,8.178818725297734,0.07516330341395817,0.0014285714285714286,100.0,4.461252422863052,0.17841418650793653,0.01408284960850143,0.0145,4110.0
syn1,True,True,100.0,gnnexplainer,20.0,0.25,0.3,0.19629958271980286,0.2927325367927551,-1.0,-1.0,-1.0,-1.0,0.4041408986706127,0.3158798874076219,0.7250000000000001,281.8,3.6935496545516573,0.32527619456663737,0.06498174457685586,57.9,3.049319209672053,0.3380532609522845,0.08247203296793121,3.1841,4110.0
syn1,True,True,100.0,ig,20.0,0.1,0.55,-0.01410406082868576,0.4551689028739929,-1.0,-1.0,-1.0,-1.0,0.013348164627363737,0.007151979565772669,0.1,4097.1,8.20425696241743,0.8923134702121118,0.0016428571428571432,100.0,4.4864264410268415,0.9007131890465899,0.06209115130234001,0.1724,4110.0
syn1,True,True,100.0,occlusion,20.0,0.45,0.2,0.38599568605422974,0.10226394981145859,-1.0,-1.0,-1.0,-1.0,0.020313947059230075,0.010785010974086604,0.175,4109.0,8.309862676151068,0.9249462863877405,0.0014285714285714286,100.0,4.604955675326727,0.9309543665631155,0.043505486645833674,0.6812,4110.0
syn1,True,True,100.0,pagerank,20.0,0.55,0.0,0.45087185502052307,-0.0025185048580169678,-1.0,-1.0,-1.0,-1.0,0.21428571428571427,0.12000000000000002,1.0,2987.4,6.366147200272256,0.0010056247006875524,0.0027506538915790077,100.0,3.644833429358004,0.03420022413474541,0.026564402804434468,0.0287,4110.0
syn1,True,True,100.0,pgexplainer,20.0,0.25,0.55,0.12298797070980072,0.4099345803260803,-1.0,-1.0,-1.0,-1.0,0.01582080200501253,0.008843137254901962,0.075,923.7,5.82317199177394,0.01653129427957888,0.19425805253696501,100.0,4.60437960624162,0.8831093811104653,0.5,49.9946,4110.0
syn1,True,True,100.0,pgmexplainer,20.0,0.45,0.15,0.36385011672973633,0.14616021513938904,-1.0,-1.0,-1.0,-1.0,0.23472340680141857,0.14995134610766364,0.7666666666666666,802.3,5.698170467642355,0.24972856268444293,0.020465026039857327,85.7,4.290599222401411,0.5104927257874403,0.044794836531696476,3.1267,4110.0
syn1,True,True,100.0,random,20.0,0.05,0.55,0.006008359603583813,0.45048609375953674,-1.0,-1.0,-1.0,-1.0,0.007647231606721064,0.004056289940218512,0.06666666666666667,4104.7,8.126336122121874,0.4267193171526162,0.0014285714285714286,100.0,4.605144389703892,0.9824835268081878,0.367691579678629,0.0002,4110.0
syn1,True,True,100.0,sa,20.0,0.55,0.55,0.3542402386665344,0.4555354118347168,-1.0,-1.0,-1.0,-1.0,0.015489673550966023,0.008395303326810176,0.1,3728.3,7.83762953814387,0.8919433566541951,0.002128294036061027,100.0,4.475743876573382,0.9002549450653825,0.05896693568647805,0.0036,4110.0
syn1,True,True,100.0,subgraphx,20.0,0.3,0.4,0.2610403895378113,0.3222704231739044,-1.0,-1.0,-1.0,-1.0,0.7276723276723277,0.9228571428571429,0.7166666666666666,9.6,1.9908069252710916,1.0,0.2766666666666667,9.6,1.9908069252710916,1.0,0.2766666666666667,0.1252,4110.0
