dataset,topk,explainer_name,num_test_nodes,gpu,f1_score,recall,precision,auc,fidelity_acc+,fidelity_acc-,fidelity_prob+,fidelity_prob-,mask_sparsity,expl_edges,time,number_of_edges,mask_sparsity_init,non_zero_values_init
syn1,10,distance,100.0,1.0,0.8270989843489844,0.895,0.7778492063492063,0.83857308443143,0.38,0.33,0.32771092653274536,0.22602228820323944,0.9975670576095581,10.0,0.0162,4110.0,0.00917518248175182,4072.29
syn1,10,gnnexplainer,100.0,1.0,0.3933427405927406,0.44,0.36043253968253963,0.6504864161379532,0.21,0.52,0.07983522862195969,0.41599124670028687,0.9975670576095581,10.0,5.4596,4110.0,0.9376058394160586,256.44
syn1,10,ig_node,100.0,1.0,0.4157575757575757,0.38166666666666665,0.45666666666666655,0.6902192126240442,0.05,0.53,0.05447244271636009,0.43593674898147583,0.9975670576095581,10.0,0.1592,4110.0,0.05082238442822385,3901.12
syn1,10,occlusion,100.0,1.0,0.04,0.05333333333333333,0.032,0.5121795184642915,0.25,0.49,0.19612018764019012,0.447654128074646,0.9975670576095581,10.0,0.569,4110.0,0.00024330900243307862,4109.0
syn1,10,pagerank,100.0,1.0,0.8636363636363634,0.7916666666666665,0.95,0.8957942898975112,0.53,0.05,0.4879054129123688,-0.005111034493893385,0.9975670576095581,10.0,0.02,4110.0,0.00048661800486615725,4108.0
syn1,10,pgmexplainer,100.0,1.0,0.556969696969697,0.5116666666666667,0.6113333333333333,0.7554168700178949,0.33,0.43,0.29882025718688965,0.3080212473869324,0.9975670576095581,10.0,3.6561,4110.0,0.8182092457420923,747.16
syn1,10,random,100.0,1.0,0.00375,0.005,0.0030000000000000005,0.5000332479258175,0.0,0.53,-0.005056187976151705,0.48388195037841797,0.9975670576095581,10.0,0.0001,4110.0,0.00024330900243307862,4109.0
syn1,10,sa_node,100.0,1.0,0.023636363636363632,0.021666666666666664,0.026000000000000002,0.5096498291849683,0.02,0.53,0.003380207810550928,0.49470680952072144,0.9975670576095581,10.0,0.0037,4110.0,0.00048661800486615725,4108.0
syn1,10,subgraphx,100.0,1.0,0.7963792873792873,0.7816666666666667,0.8330714285714287,-1.0,0.46,0.23,0.40329769253730774,0.12567348778247833,0.9976789355278015,9.54,0.9834,4110.0,0.9473430656934309,10.92
syn1,20,distance,100.0,1.0,0.5980330371383001,0.9883333333333334,0.42966379892037787,0.9616153204815358,0.51,0.07,0.471139520406723,-0.0028329743072390556,0.995133638381958,20.0,0.0163,4110.0,0.00917518248175182,4072.29
syn1,20,gnnexplainer,100.0,1.0,0.4605222290534579,0.65,0.3747499540363317,0.7551319749471286,0.19,0.47,0.1340373009443283,0.3533525764942169,0.9954791069030762,18.58,2.7393,4110.0,0.9376058394160586,256.44
syn1,20,ig_node,100.0,1.0,0.3362151702786377,0.5183333333333333,0.24915184815184815,0.7579315113063282,0.05,0.5,0.05447244271636009,0.4365707337856293,0.995133638381958,20.0,0.141,4110.0,0.05082238442822385,3901.12
syn1,20,occlusion,100.0,1.0,0.024615384615384612,0.05333333333333333,0.016,0.5109919472913618,0.25,0.49,0.19612018764019012,0.447654128074646,0.995133638381958,20.0,0.5947,4110.0,0.00024330900243307862,4109.0
syn1,20,pagerank,100.0,1.0,0.7499999999999999,1.0,0.6,0.9998910037416625,0.53,0.02,0.4879054129123688,-0.013646120205521584,0.995133638381958,20.0,0.0195,4110.0,0.00048661800486615725,4108.0
syn1,20,pgmexplainer,100.0,1.0,0.4905800653594771,0.6883333333333332,0.3824219114219115,0.8432747681795999,0.33,0.32,0.3346470892429352,0.2145494669675827,0.995133638381958,20.0,3.9266,4110.0,0.8174549878345495,750.26
syn1,20,random,100.0,1.0,0.006153846153846153,0.013333333333333332,0.004,0.5009034895070766,0.0,0.53,0.005360130686312914,0.48756515979766846,0.995133638381958,20.0,0.0,4110.0,0.00024330900243307862,4109.0
syn1,20,sa_node,100.0,1.0,0.021764705882352943,0.03166666666666667,0.01659090909090909,0.5134659183341468,0.05,0.53,0.0031489422544837,0.5083696842193604,0.995133638381958,20.0,0.0035,4110.0,0.00048661800486615725,4108.0
syn1,20,subgraphx,100.0,1.0,0.7997662337662338,0.7983333333333333,0.8213571428571429,-1.0,0.45,0.18,0.4063229262828827,0.07853450626134872,0.9970850348472595,11.98,0.936,4110.0,0.9473284671532849,10.98
syn1,40,distance,100.0,1.0,0.30892327138796966,1.0,0.18273860381277943,0.9801436676427526,0.53,0.05,0.4879054129123688,-0.02014072611927986,0.9902675747871399,40.0,0.0136,4110.0,0.00917518248175182,4072.29
syn1,40,gnnexplainer,100.0,1.0,0.4661942521956099,0.7466666666666667,0.3695657928320887,0.8472292378395965,0.29,0.32,0.24668563902378082,0.24747733771800995,0.9924038052558899,31.22,3.8814,4110.0,0.9376058394160586,256.44
syn1,40,ig_node,100.0,1.0,0.18362742445971914,0.5183333333333333,0.11217219640263115,0.7567561412070929,0.05,0.48,0.054472412914037704,0.43291953206062317,0.9902675747871399,40.0,0.3197,4110.0,0.05082238442822385,3901.12
syn1,40,occlusion,100.0,1.0,0.013913043478260872,0.05333333333333333,0.008,0.5086168049455019,0.25,0.49,0.19612018764019012,0.447654128074646,0.9902675747871399,40.0,0.5039,4110.0,0.00024330900243307862,4109.0
syn1,40,pagerank,100.0,1.0,0.4615384615384615,1.0,0.3,0.9998910037416625,0.53,0.0,0.4879054129123688,-0.0063207452185451984,0.9902675747871399,40.0,0.0226,4110.0,0.00048661800486615725,4108.0
syn1,40,pgmexplainer,100.0,1.0,0.34934246120788875,0.73,0.23336613676719822,0.8633101512933139,0.39,0.23,0.37054741382598877,0.17001810669898987,0.9908855557441711,37.46,3.5027,4110.0,0.8198734793187346,740.32
syn1,40,random,100.0,1.0,0.00391304347826087,0.015,0.0022500000000000003,0.498880449812917,0.01,0.53,0.008300707675516605,0.48756515979766846,0.9902675747871399,40.0,0.0001,4110.0,0.00024330900243307862,4109.0
syn1,40,sa_node,100.0,1.0,0.018832891246684347,0.04166666666666667,0.012173913043478262,0.5160980966325037,0.05,0.53,0.0031489422544837,0.5012949109077454,0.9902675747871399,40.0,0.0032,4110.0,0.00048661800486615725,4108.0
syn1,40,subgraphx,100.0,1.0,0.799099567099567,0.7983333333333333,0.8188571428571428,-1.0,0.45,0.18,0.4063522219657898,0.08067850768566132,0.9968369007110596,13.0,1.3152,4110.0,0.9473236009732361,11.0
syn1,100,distance,100.0,1.0,0.1270242834143128,1.0,0.0678273567214009,0.9902264315926469,0.53,0.01,0.4879054129123688,-0.015155344270169735,0.9756690263748169,100.0,0.014,4110.0,0.00917518248175182,4072.29
syn1,100,gnnexplainer,100.0,1.0,0.4706603001535422,0.8133333333333332,0.37137494850125513,0.885469944688466,0.32,0.23,0.2948843836784363,0.2216760516166687,0.9878052473068237,50.12,5.4867,4110.0,0.9376058394160586,256.44
syn1,100,ig_node,100.0,1.0,0.06947796964200419,0.5183333333333333,0.03728141332545667,0.7532300309093866,0.05,0.48,0.05447244271636009,0.4329341948032379,0.9756690263748169,100.0,0.1486,4110.0,0.05082238442822385,3901.12
syn1,100,occlusion,100.0,1.0,0.006159447348767737,0.05333333333333333,0.0032684620239848516,0.5014913779079225,0.25,0.49,0.19612018764019012,0.447654128074646,0.9756690263748169,100.0,0.5107,4110.0,0.00024330900243307862,4109.0
syn1,100,pagerank,100.0,1.0,0.2142857142857143,1.0,0.12,0.9998910037416625,0.53,0.0,0.4879054129123688,-0.004577613435685635,0.9756690263748169,100.0,0.023,4110.0,0.00048661800486615725,4108.0
syn1,100,pgmexplainer,100.0,1.0,0.24390547259667866,0.7833333333333333,0.15711724489265022,0.8878591182690744,0.45,0.14,0.41891801357269287,0.10116314888000488,0.9795960783958435,83.86,3.6136,4110.0,0.8203600973236008,738.32
syn1,100,random,100.0,1.0,0.0038062774985288266,0.03333333333333333,0.002018389236356836,0.49619875549048315,0.01,0.53,0.0027219492476433516,0.48770469427108765,0.9756690263748169,100.0,0.0001,4110.0,0.00024330900243307862,4109.0
syn1,100,sa_node,100.0,1.0,0.006899159663865546,0.04166666666666667,0.003761614656381487,0.5090824792581746,0.05,0.53,0.0031489422544837,0.49826544523239136,0.9756690263748169,100.0,0.0039,4110.0,0.00048661800486615725,4108.0
syn1,100,subgraphx,100.0,1.0,0.8032627372627376,0.8033333333333335,0.8214523809523808,-1.0,0.45,0.18,0.40922409296035767,0.07981185615062714,0.996097207069397,16.04,1.2717,4110.0,0.947313868613139,11.04
syn1,500,distance,100.0,1.0,0.026476262686080387,1.0,0.0134159653413953,0.9984496502358874,0.53,0.0,0.4879054129123688,-0.006607238668948412,0.8783453106880188,500.0,0.0186,4110.0,0.00917518248175182,4072.29
syn1,500,gnnexplainer,100.0,1.0,0.4707570325371927,0.9483333333333333,0.37124014116762427,0.9338312388156822,0.43,0.15,0.3856187164783478,0.13394425809383392,0.9648174047470093,144.6,2.6894,4110.0,0.9376058394160586,256.44
syn1,500,ig_node,100.0,1.0,0.015230138313834992,0.52,0.0077360428627711655,0.7306002928257684,0.05,0.48,0.05447244271636009,0.43343299627304077,0.8789293169975281,497.6,0.1402,4110.0,0.05082238442822385,3901.12
syn1,500,occlusion,100.0,1.0,0.0014061952541748726,0.05333333333333333,0.0007124910348238323,0.4539885309907274,0.25,0.49,0.19612018764019012,0.447654128074646,0.8783453106880188,500.0,0.5775,4110.0,0.00024330900243307862,4109.0
syn1,500,pagerank,100.0,1.0,0.046875,1.0,0.024,0.9998910037416625,0.53,0.0,0.4879054129123688,-0.001126126036979258,0.8783453106880188,500.0,0.0198,4110.0,0.00048661800486615725,4108.0
syn1,500,pgmexplainer,100.0,1.0,0.18532530200548947,0.92,0.12297066442375763,0.9467659020660486,0.53,0.0,0.48785915970802307,-0.003626625519245863,0.9270656704902649,299.76,5.5883,4110.0,0.8182968369829683,746.8
syn1,500,random,100.0,1.0,0.00588824540633622,0.23333333333333336,0.0029817503924874384,0.5003349194729136,0.13,0.49,0.055981580168008804,0.41847339272499084,0.8783453106880188,500.0,0.0,4110.0,0.00024330900243307862,4109.0
syn1,500,sa_node,100.0,1.0,0.0014593760490142654,0.04166666666666667,0.0007429725442534693,0.46231169676264855,0.05,0.53,0.0031489422544837,0.4937598407268524,0.8783453106880188,500.0,0.0031,4110.0,0.00048661800486615725,4108.0
syn1,500,subgraphx,100.0,1.0,0.7986480186480186,0.8016666666666667,0.8059523809523809,-1.0,0.45,0.18,0.40573662519454956,0.0814090445637703,0.9911872744560242,36.22,1.279,4110.0,0.9472700729927009,11.22
syn3,10,distance,100.0,1.0,0.6830896939317992,0.5566666666666668,0.8937460317460318,0.6884549297863921,0.0,0.0,0.010214157402515411,-0.0019394690170884132,0.9980315566062927,10.0,0.026,5080.0,0.009295275590551174,5032.78
syn3,10,gnnexplainer,100.0,1.0,0.5555168223589275,0.4683333333333334,0.6893174603174603,0.6436556813686708,0.0,0.0,-0.001540640601888299,0.005181912798434496,0.9980315566062927,10.0,3.8133,5080.0,0.9721535433070868,141.46
syn3,10,ig_node,100.0,1.0,0.0,0.0,0.0,0.49901107594936717,0.0,0.0,-0.00010485530219739303,0.01837414689362049,0.9980315566062927,10.0,0.1941,5080.0,0.0004921259842519365,5077.5
syn3,10,occlusion,100.0,1.0,0.3132437912964229,0.2758333333333333,0.36466269841269844,0.574791625461498,0.0,0.0,7.291496149264276e-05,0.01837414689362049,0.9980315566062927,10.0,0.4636,5080.0,0.06825984251968502,4733.24
syn3,10,pagerank,100.0,1.0,0.5796078431372548,0.4133333333333333,0.972,0.7024723101265821,0.0,0.0,0.01837414689362049,-0.00415391381829977,0.9980315566062927,10.0,0.0253,5080.0,0.0006023622047243993,5076.94
syn3,10,pgmexplainer,100.0,1.0,0.4562745098039215,0.3233333333333333,0.775,0.6614476199894515,0.0,0.0,0.01065437775105238,-0.002649226225912571,0.9980315566062927,10.0,8.6026,5080.0,0.9248307086614176,381.86
syn3,10,random,100.0,1.0,0.005454545454545454,0.004999999999999999,0.006,0.5002669270833334,0.0,0.0,-8.350134157808498e-05,0.018146589398384094,0.9980315566062927,10.0,0.0001,5080.0,0.00019685039370076485,5079.0
syn3,10,sa_node,100.0,1.0,0.0,0.0,0.0,0.49901107594936717,0.0,0.0,0.0,0.01837414689362049,0.9980315566062927,10.0,0.0038,5080.0,0.0006456692913385675,5076.72
syn3,10,subgraphx,100.0,1.0,0.630547791046243,0.48666666666666664,0.9190674603174603,-1.0,0.0,0.0,0.006357476580888033,-0.0007428806857205927,0.9980747699737549,9.78,0.9528,5080.0,0.9768740157480325,15.88
syn3,20,distance,100.0,1.0,0.7941122016781201,0.8316666666666667,0.764878828859479,0.833890921677215,0.0,0.0,0.018029548227787018,-0.003944276366382837,0.9960631728172302,20.0,0.022,5080.0,0.009295275590551174,5032.78
syn3,20,gnnexplainer,100.0,1.0,0.692299740556544,0.7066666666666666,0.6866741091296045,0.7833325504351266,0.0,0.0,0.007139535620808601,-0.00022247552988119423,0.9960631728172302,20.0,2.6373,5080.0,0.9721535433070868,141.46
syn3,20,ig_node,100.0,1.0,0.0,0.0,0.0,0.498022151898734,0.0,0.0,-0.00034550248528830707,0.01837414689362049,0.9960631728172302,20.0,0.2003,5080.0,0.0004921259842519365,5077.5
syn3,20,occlusion,100.0,1.0,0.38006582373668024,0.4050000000000001,0.3609226327508061,0.6366186214398735,0.0,0.0,-0.0006869941717013717,0.01837414689362049,0.9960631728172302,20.0,0.4554,5080.0,0.06825984251968502,4733.24
syn3,20,pagerank,100.0,1.0,0.8624505928853753,0.7933333333333333,0.9450909090909092,0.8936835772679325,0.0,0.0,0.01837414689362049,-0.0037820988800376654,0.9960631728172302,20.0,0.0261,5080.0,0.0006023622047243993,5076.94
syn3,20,pgmexplainer,100.0,1.0,0.6162081874647092,0.5691666666666666,0.6726678321678321,0.7840318433544305,0.0,0.0,0.015009560622274876,-0.002124452032148838,0.9960670471191406,19.98,4.9254,5080.0,0.9251929133858269,380.02
syn3,20,random,100.0,1.0,0.007540322580645162,0.009999999999999998,0.0060526315789473685,0.5005326180116032,0.0,0.0,-0.00018015384557656944,0.017919030040502548,0.9960631728172302,20.0,0.0001,5080.0,0.00019685039370076485,5079.0
syn3,20,sa_node,100.0,1.0,0.0,0.0,0.0,0.498022151898734,0.0,0.0,0.0,0.01837414689362049,0.9960631728172302,20.0,0.0043,5080.0,0.0006456692913385675,5076.72
syn3,20,subgraphx,100.0,1.0,0.7096071647426473,0.6008333333333333,0.9170468975468975,-1.0,0.0,0.0,0.015254433266818523,-0.003819003701210022,0.9969370365142822,15.56,0.9375,5080.0,0.9768779527559065,15.86
syn3,40,distance,100.0,1.0,0.5655927726149638,0.9425,0.40542876226157953,0.9297358748681434,0.0,0.0,0.01837414689362049,-0.00328775099478662,0.9921261668205261,40.0,0.0191,5080.0,0.009295275590551174,5032.78
syn3,40,gnnexplainer,100.0,1.0,0.7278796465115126,0.8141666666666667,0.6882016434989202,0.8890594920226792,0.0,0.0,0.014802095480263233,-0.00047457576147280633,0.9940040111541748,30.46,5.4374,5080.0,0.9721535433070868,141.46
syn3,40,ig_node,100.0,1.0,0.0,0.0,0.0,0.4960443037974684,0.0,0.0,-0.0005535030504688621,0.01837414689362049,0.9921261668205261,40.0,0.2181,5080.0,0.0004606299212598086,5077.66
syn3,40,occlusion,100.0,1.0,0.3661768822986459,0.5441666666666666,0.2799336396268525,0.7255185670490505,0.0,0.0,-0.0004950886941514909,0.015604819171130657,0.9922206401824951,39.52,0.5031,5080.0,0.068255905511811,4733.26
syn3,40,pagerank,100.0,1.0,0.7430681818181817,0.9916666666666667,0.5941428571428571,0.9956816983122364,0.0,0.0,0.01837414689362049,-0.002108392072841525,0.9921261668205261,40.0,0.0253,5080.0,0.0006023622047243993,5076.94
syn3,40,pgmexplainer,100.0,1.0,0.6002602801461977,0.7533333333333334,0.5116697543354858,0.8754649591244725,0.0,0.0,0.016592461615800858,-0.0024178766179829836,0.9928150177001953,36.5,8.9356,5080.0,0.9261181102362204,375.32
syn3,40,random,100.0,1.0,0.005776772247360482,0.0125,0.0037564102564102563,0.4991819537842827,0.0,0.0,-0.0002964144805446267,0.018146589398384094,0.9921261668205261,40.0,0.0001,5080.0,0.00019685039370076485,5079.0
syn3,40,sa_node,100.0,1.0,0.0,0.0,0.0,0.4960443037974684,0.0,0.0,0.0,0.01837414689362049,0.9921261668205261,40.0,0.0059,5080.0,0.0006417322834645511,5076.74
syn3,40,subgraphx,100.0,1.0,0.7153553146603625,0.6099999999999999,0.9176751026751027,-1.0,0.0,0.0,0.01659732311964035,-0.0036949641071259975,0.9967165589332581,16.68,1.1571,5080.0,0.9768740157480325,15.88
syn3,100,distance,100.0,1.0,0.2415626465336871,0.9566666666666666,0.13831617762406517,0.9430550336234177,0.0,0.0,0.01837414689362049,-0.0028902250342071056,0.9803151488304138,100.0,0.0267,5080.0,0.009295275590551174,5032.78
syn3,100,gnnexplainer,100.0,1.0,0.7372891348798621,0.865,0.6920230608682643,0.9208740852452533,0.0,0.0,0.015881432220339775,-0.0005734825390391052,0.9919055700302124,41.12,5.4066,5080.0,0.9721535433070868,141.46
syn3,100,ig_node,100.0,1.0,0.0,0.0,0.0,0.4901107594936709,0.0,0.0,-0.0007487213588319719,0.01837414689362049,0.9803151488304138,100.0,0.2918,5080.0,0.0004606299212598086,5077.66
syn3,100,occlusion,100.0,1.0,0.23345190771719576,0.5991666666666666,0.15470007678385567,0.7569115901898735,0.0,0.0,-0.0002909809409175068,0.01567068323493004,0.9810671210289001,96.18,0.3755,5080.0,0.06825984251968502,4733.24
syn3,100,pagerank,100.0,1.0,0.38709677419354854,1.0,0.24,0.9998008966244726,0.0,0.0,0.01837414689362049,-0.001490511349402368,0.9803151488304138,100.0,0.0262,5080.0,0.0006023622047243993,5076.94
syn3,100,pgmexplainer,100.0,1.0,0.5647579907914914,0.8516666666666667,0.4643928002687605,0.9232787776898733,0.0,0.0,0.017109885811805725,-0.002224544296041131,0.9874488711357117,63.76,5.4398,5080.0,0.9243307086614174,384.4
syn3,100,random,100.0,1.0,0.009550226325455685,0.04416666666666665,0.0053540126703602395,0.5012302627241563,0.0,0.0,-0.0005708867101930082,0.01723635382950306,0.9803151488304138,100.0,0.0001,5080.0,0.00019685039370076485,5079.0
syn3,100,sa_node,100.0,1.0,0.0,0.0,0.0,0.4901107594936709,0.0,0.0,0.0,0.01837414689362049,0.9803151488304138,100.0,0.0042,5080.0,0.0006456692913385675,5076.72
syn3,100,subgraphx,100.0,1.0,0.7153553146603625,0.6099999999999999,0.9176751026751027,-1.0,0.0,0.0,0.01659732311964035,-0.0036949641071259975,0.9964803457260132,17.88,1.3137,5080.0,0.9768740157480325,15.88
syn3,500,distance,100.0,1.0,0.05161575584778966,0.9833333333333333,0.026504280796294882,0.976859712882384,0.0,0.0,0.01837414689362049,-0.0018512839451432228,0.9015747904777527,500.0,0.018,5080.0,0.009295275590551174,5032.78
syn3,500,gnnexplainer,100.0,1.0,0.7356042791458347,0.9133333333333334,0.6907633428842894,0.9398780327004218,0.0,0.0,0.016868000850081444,-0.0006269317818805575,0.9833700656890869,84.48,5.2153,5080.0,0.9721535433070868,141.46
syn3,500,ig_node,100.0,1.0,0.0,0.0,0.0,0.4505537974683545,0.0,0.0,-0.0009962135227397084,0.01837414689362049,0.9015747904777527,500.0,0.189,5080.0,0.0004921259842519365,5077.5
syn3,500,occlusion,100.0,1.0,0.09780207070597624,0.6366666666666667,0.06887852430313134,0.7548718519251052,0.0,0.0,-0.0006365382578223944,0.01567068323493004,0.907051146030426,472.18,0.4322,5080.0,0.06825984251968502,4733.24
syn3,500,pagerank,100.0,1.0,0.09160305343511453,1.0,0.048,0.9998008966244726,0.0,0.0,0.01837414689362049,-0.00029016018379479647,0.9015747904777527,500.0,0.0279,5080.0,0.0006023622047243993,5076.94
syn3,500,pgmexplainer,100.0,1.0,0.5201127462493713,0.9258333333333333,0.4320551043001244,0.9539952531645569,0.0,0.0,0.018149781972169876,-0.0017009908333420753,0.9660077691078186,172.68,7.338,5080.0,0.9258818897637798,376.52
syn3,500,random,100.0,1.0,0.008453612468038484,0.17166666666666663,0.004333515173179949,0.49580811577004213,0.0,0.0,-0.0019995940383523703,0.012228002771735191,0.9015747904777527,500.0,0.0001,5080.0,0.00019685039370076485,5079.0
syn3,500,sa_node,100.0,1.0,0.0,0.0,0.0,0.4505537974683545,0.0,0.0,0.0,0.01837414689362049,0.9015747904777527,500.0,0.0056,5080.0,0.0006417322834645511,5076.74
syn3,500,subgraphx,100.0,1.0,0.7153553146603625,0.6099999999999999,0.9176751026751027,-1.0,0.0,0.0,0.01661108061671257,-0.0036949641071259975,0.9949055314064026,25.88,1.2942,5080.0,0.9768740157480325,15.88
syn4,10,distance,100.0,1.0,0.7416333666333667,0.785,0.7063571428571429,0.8145099185724186,1.0,1.0,0.9842730164527893,0.9476171135902405,0.994834840297699,10.0,0.0102,1936.0,0.004979338842975205,1926.36
syn4,10,gnnexplainer,100.0,1.0,0.7208369963369964,0.7966666666666665,0.6634007936507936,0.7762188149688148,0.94,0.95,0.9226967692375183,0.9072723388671875,0.994834840297699,10.0,2.5713,1936.0,0.9898863636363642,19.58
syn4,10,ig_node,100.0,1.0,0.7886363636363637,0.7433333333333334,0.8430000000000001,0.8552035689535689,1.0,0.76,0.9839996099472046,0.7394529581069946,0.994834840297699,10.0,0.1508,1936.0,0.35747933884297495,1243.92
syn4,10,occlusion,100.0,1.0,0.5655054945054944,0.6416666666666667,0.5085476190476189,0.720077096327096,0.99,0.83,0.9793539643287659,0.8245094418525696,0.994834840297699,10.0,0.0663,1936.0,0.0010743801652892315,1933.92
syn4,10,pagerank,100.0,1.0,0.7757575757575756,0.715,0.8486666666666668,0.8539310464310464,1.0,0.76,0.9844945669174194,0.7515312433242798,0.994834840297699,10.0,0.0111,1936.0,0.0012086776859503957,1933.66
syn4,10,pgmexplainer,100.0,1.0,0.8754545454545452,0.8033333333333331,0.9620000000000001,0.900765765765766,1.0,0.14,0.9772907495498657,0.18512040376663208,0.994834840297699,10.0,7.245,1936.0,0.985082644628099,28.88
syn4,10,random,100.0,1.0,0.00625,0.008333333333333333,0.005,0.4994943260568261,0.01,1.0,0.014140553772449493,0.9844949841499329,0.994834840297699,10.0,0.0,1936.0,0.0005165289256198191,1935.0
syn4,10,sa_node,100.0,1.0,0.128010323010323,0.13166666666666665,0.12523809523809523,0.5638556826056826,0.06,1.0,0.19685649871826172,0.9844945669174194,0.994834840297699,10.0,0.0031,1936.0,0.0013533057851239606,1933.38
syn4,10,subgraphx,100.0,1.0,0.7054545454545452,0.6,0.86,-1.0,1.0,1.0,0.9844945669174194,0.9489234089851379,0.9956300258636475,8.46,0.2659,1936.0,0.9956301652892579,8.46
syn4,20,distance,100.0,1.0,0.6586327829377366,0.985,0.4964895104895104,0.963886217948718,1.0,0.32,0.9844945669174194,0.30890169739723206,0.9896695017814636,20.0,0.0088,1936.0,0.004979338842975205,1926.36
syn4,20,gnnexplainer,100.0,1.0,0.7777249590794483,0.985,0.6544951714951713,0.9658718814968816,1.0,0.18,0.983522891998291,0.17702114582061768,0.9907645583152771,17.88,2.7644,1936.0,0.9898863636363642,19.58
syn4,20,ig_node,100.0,1.0,0.7098010438993413,0.99,0.5561808191808191,0.994579868329868,1.0,0.02,0.9844945669174194,0.07810179889202118,0.9897934794425964,19.76,0.1481,1936.0,0.35747933884297495,1243.92
syn4,20,occlusion,100.0,1.0,0.38655056982920755,0.6416666666666667,0.27697610722610716,0.719878075190575,0.98,0.83,0.9729357361793518,0.8245094418525696,0.9896695017814636,20.0,0.0768,1936.0,0.0010743801652892315,1933.92
syn4,20,pagerank,100.0,1.0,0.7474264705882352,0.9983333333333334,0.5973636363636363,0.9986235273735276,1.0,0.02,0.9844945669174194,0.015328807756304741,0.9896695017814636,20.0,0.012,1936.0,0.0012086776859503957,1933.66
syn4,20,pgmexplainer,100.0,1.0,0.7586247575953458,1.0,0.6139675324675324,0.9998596673596674,1.0,0.01,0.9844944477081299,0.005887738429009914,0.9899793863296509,19.4,7.2863,1936.0,0.985082644628099,28.88
syn4,20,random,100.0,1.0,0.009999999999999998,0.021666666666666664,0.0065000000000000014,0.5002492636867637,0.04,1.0,0.04832598567008972,0.9844953417778015,0.9896695017814636,20.0,0.0,1936.0,0.0005165289256198191,1935.0
syn4,20,sa_node,100.0,1.0,0.08444444444444443,0.13166666666666665,0.062179487179487174,0.5615990990990992,0.06,1.0,0.19685649871826172,0.9844945669174194,0.9896695017814636,20.0,0.0035,1936.0,0.0013533057851239606,1933.38
syn4,20,subgraphx,100.0,1.0,0.7218181818181816,0.6133333333333334,0.8809999999999999,-1.0,1.0,1.0,0.9844945669174194,0.9489234089851379,0.9956300258636475,8.46,0.2724,1936.0,0.9956301652892579,8.46
syn4,40,distance,100.0,1.0,0.40227697760264997,1.0,0.25196071802593534,0.9981382103257102,1.0,0.01,0.9844945669174194,0.00485664838925004,0.9793387651443481,40.0,0.0066,1936.0,0.004979338842975205,1926.36
syn4,40,gnnexplainer,100.0,1.0,0.7796968542069497,1.0,0.6539945789504614,0.9980624133749134,1.0,0.0,0.9844945669174194,0.0,0.989886462688446,19.58,2.5904,1936.0,0.9898863636363642,19.58
syn4,40,ig_node,100.0,1.0,0.5043981594745501,0.9983333333333333,0.35195497144529986,0.9987092862092859,1.0,0.0,0.9844944477081299,0.031191760674118996,0.982107400894165,34.64,0.2083,1936.0,0.35747933884297495,1243.92
syn4,40,occlusion,100.0,1.0,0.24423856101749025,0.6416666666666667,0.15089311107571976,0.7169891285516283,0.99,0.83,0.9792123436927795,0.8245094418525696,0.9793387651443481,40.0,0.0884,1936.0,0.0010743801652892315,1933.92
syn4,40,pagerank,100.0,1.0,0.4611965811965812,1.0,0.29971428571428566,0.9994525294525295,1.0,0.0,0.9844945669174194,0.0,0.9793387651443481,40.0,0.0137,1936.0,0.0012086776859503957,1933.66
syn4,40,pgmexplainer,100.0,1.0,0.6343898940203692,1.0,0.4792095538620306,0.9999194386694387,1.0,0.0,0.9844945669174194,-0.002013876335695386,0.985857367515564,27.38,4.6519,1936.0,0.985082644628099,28.88
syn4,40,random,100.0,1.0,0.012715854194115063,0.04833333333333333,0.007321187584345479,0.5017751645876648,0.1,1.0,0.09807747602462769,0.9844967126846313,0.9793387651443481,40.0,0.0,1936.0,0.0005165289256198191,1935.0
syn4,40,sa_node,100.0,1.0,0.05222325070183802,0.13166666666666665,0.032579046316002835,0.5570859320859322,0.06,1.0,0.19685661792755127,0.9844944477081299,0.9793387651443481,40.0,0.0058,1936.0,0.0013533057851239606,1933.38
syn4,40,subgraphx,100.0,1.0,0.713090909090909,0.6066666666666667,0.8690000000000001,-1.0,1.0,1.0,0.9844944477081299,0.9489234685897827,0.9956300258636475,8.46,0.3458,1936.0,0.9956301652892579,8.46
syn4,100,distance,100.0,1.0,0.1827078773026032,1.0,0.10055333191802668,0.998533437283437,1.0,0.0,0.9844945669174194,0.0,0.9483471512794495,100.0,0.0072,1936.0,0.004979338842975205,1926.36
syn4,100,gnnexplainer,100.0,1.0,0.7796968542069497,1.0,0.6539945789504614,0.9980868849618849,1.0,0.0,0.9844945669174194,0.0,0.989886462688446,19.58,2.5528,1936.0,0.9898863636363642,19.58
syn4,100,ig_node,100.0,1.0,0.35972770177242325,0.9983333333333333,0.2509901943272341,0.9986832986832984,1.0,0.0,0.9844945669174194,0.029286691918969154,0.9621281623840332,73.32,0.1698,1936.0,0.35747933884297495,1243.92
syn4,100,occlusion,100.0,1.0,0.11659892349637356,0.6416666666666667,0.06412739641072146,0.7083222886347884,0.99,0.83,0.9792123436927795,0.8245094418525696,0.9483471512794495,100.0,0.0843,1936.0,0.0010743801652892315,1933.92
syn4,100,pagerank,100.0,1.0,0.2137593984962406,1.0,0.11967058823529411,0.9994525294525296,1.0,0.0,0.9844945669174194,0.0,0.9483471512794495,100.0,0.0112,1936.0,0.0012086776859503957,1933.66
syn4,100,pgmexplainer,100.0,1.0,0.6259083472937177,1.0,0.47261265945209274,0.9998821898821899,1.0,0.0,0.9844945669174194,0.0,0.9850826263427734,28.88,4.0324,1936.0,0.985082644628099,28.88
syn4,100,random,100.0,1.0,0.010041631559164217,0.08666666666666666,0.0053296647263815135,0.49623505717255717,0.22,1.0,0.20644928514957428,0.9844977855682373,0.9483471512794495,100.0,0.0,1936.0,0.0005165289256198191,1935.0
syn4,100,sa_node,100.0,1.0,0.024411317848817844,0.13166666666666665,0.013452982251068935,0.5435464310464311,0.06,1.0,0.19685661792755127,0.9844944477081299,0.9483471512794495,100.0,0.0064,1936.0,0.0013533057851239606,1933.38
syn4,100,subgraphx,100.0,1.0,0.7069090909090907,0.6016666666666667,0.861,-1.0,1.0,1.0,0.9844944477081299,0.9493544101715088,0.9956197142601013,8.48,0.3739,1936.0,0.9956198347107456,8.48
syn4,500,distance,100.0,1.0,0.040144230954562696,1.0,0.020483729498184226,0.9985334372834371,1.0,0.0,0.9844945669174194,0.0,0.7417356371879578,500.0,0.0088,1936.0,0.004979338842975205,1926.36
syn4,500,gnnexplainer,100.0,1.0,0.7796968542069497,1.0,0.6539945789504614,0.9980409736659737,1.0,0.0,0.9844945669174194,0.0,0.989886462688446,19.58,2.71,1936.0,0.9898863636363642,19.58
syn4,500,ig_node,100.0,1.0,0.2607757856143242,0.9983333333333333,0.19537752282628243,0.9985100485100484,1.0,0.0,0.9844945669174194,0.029286691918969154,0.8298966884613037,329.32,0.177,1936.0,0.35747933884297495,1243.92
syn4,500,occlusion,100.0,1.0,0.021842039915737698,0.6416666666666667,0.011110115111779844,0.6505433558558558,0.99,0.83,0.9792123436927795,0.8245094418525696,0.7417356371879578,500.0,0.0639,1936.0,0.0010743801652892315,1933.92
syn4,500,pagerank,100.0,1.0,0.0468476551895756,1.0,0.023985664959210774,0.9994525294525296,1.0,0.0,0.9844945669174194,0.0,0.7417356371879578,500.0,0.0134,1936.0,0.0012086776859503957,1933.66
syn4,500,pgmexplainer,100.0,1.0,0.6259083472937177,1.0,0.47261265945209274,0.9998674636174637,1.0,0.0,0.9844945669174194,0.0,0.9850826263427734,28.88,4.6244,1936.0,0.985082644628099,28.88
syn4,500,random,100.0,1.0,0.012668984003380103,0.4666666666666666,0.006421673633456879,0.5110137300762301,0.73,0.99,0.7159380912780762,0.9697954058647156,0.7417356371879578,500.0,0.0,1936.0,0.0005165289256198191,1935.0
syn4,500,sa_node,100.0,1.0,0.004491245657694258,0.13166666666666665,0.002284587521077376,0.4532830907830909,0.06,1.0,0.19685661792755127,0.9844944477081299,0.7417356371879578,500.0,0.0041,1936.0,0.0013533057851239606,1933.38
syn4,500,subgraphx,100.0,1.0,0.7038181818181816,0.5983333333333333,0.8584999999999999,-1.0,1.0,1.0,0.9844944477081299,0.9489234685897827,0.9956300258636475,8.46,0.3733,1936.0,0.9956301652892579,8.46
syn5,10,distance,100.0,1.0,0.6627625882889042,0.5416666666666667,0.8594325396825397,0.6819063176806456,0.93,1.0,0.8039605617523193,0.8655093312263489,0.9970675706863403,10.0,0.0149,3410.0,0.0012199413489736243,3405.84
syn5,10,gnnexplainer,100.0,1.0,0.5963826232247286,0.5083333333333334,0.727111111111111,0.6512544300059067,0.81,1.0,0.683902382850647,0.8687246441841125,0.9970675706863403,10.0,2.7339,3410.0,0.989724340175953,35.04
syn5,10,ig_node,100.0,1.0,0.5322635018919848,0.3808333333333333,0.8869047619047619,0.6848365820043315,0.8,0.91,0.6983481049537659,0.7867624163627625,0.9970675706863403,10.0,0.2212,3410.0,0.7780938416422291,756.7
syn5,10,occlusion,100.0,1.0,0.3163982683982684,0.285,0.3562222222222223,0.5703918094113016,0.74,1.0,0.6107132434844971,0.8678476810455322,0.9970675706863403,10.0,0.151,3410.0,0.002346041055718473,3402.0
syn5,10,pagerank,100.0,1.0,0.5529411764705882,0.39333333333333337,0.932,0.6936589387674738,1.0,0.99,0.8666999340057373,0.8185575008392334,0.9970675706863403,10.0,0.0181,3410.0,0.0008445747800586767,3407.12
syn5,10,pgmexplainer,100.0,1.0,0.5432026143790848,0.385,0.9223333333333333,0.6919743059657409,0.93,0.92,0.7737110257148743,0.7428487539291382,0.9970675706863403,10.0,5.7492,3410.0,0.9833782991202349,56.68
syn5,10,random,100.0,1.0,0.010909090909090908,0.009999999999999998,0.012000000000000002,0.5010387133293954,0.02,1.0,0.012150156311690807,0.8667395710945129,0.9970675706863403,10.0,0.0,3410.0,0.0002932551319647647,3409.0
syn5,10,sa_node,100.0,1.0,0.562549019607843,0.40166666666666656,0.941,0.6959663565662529,0.97,0.96,0.8235204219818115,0.7876510620117188,0.9970675706863403,10.0,0.0046,3410.0,0.9833782991202349,56.68
syn5,10,subgraphx,100.0,1.0,0.5881859305125559,0.44,0.9000952380952382,-1.0,0.96,0.97,0.8269131183624268,0.7839381694793701,0.9970793128013611,9.96,3.2436,3410.0,0.9961466275659838,13.14
syn5,20,distance,100.0,1.0,0.812898091735573,0.8591666666666667,0.775475514681397,0.8355658717267179,1.0,0.97,0.8662754893302917,0.7796029448509216,0.9941348433494568,20.0,0.0122,3410.0,0.0012199413489736243,3405.84
syn5,20,gnnexplainer,100.0,1.0,0.7339620926582816,0.7741666666666667,0.7069546988958755,0.7899520082693445,0.99,0.81,0.8502676486968994,0.6976959705352783,0.9941348433494568,20.0,2.6524,3410.0,0.989724340175953,35.04
syn5,20,ig_node,100.0,1.0,0.7815415019762846,0.7183333333333332,0.8571818181818182,0.8577525103366805,0.99,0.66,0.8591400384902954,0.5704969167709351,0.9941348433494568,20.0,0.3144,3410.0,0.7780938416422291,756.7
syn5,20,occlusion,100.0,1.0,0.2422528511080235,0.285,0.2112278962867198,0.5691255660563102,0.74,1.0,0.6107132434844971,0.8678476810455322,0.9941348433494568,20.0,0.1544,3410.0,0.002346041055718473,3402.0
syn5,20,pagerank,100.0,1.0,0.8114229249011857,0.7441666666666668,0.892090909090909,0.871445166371333,1.0,0.79,0.8666999340057373,0.637845516204834,0.9941348433494568,20.0,0.0204,3410.0,0.0008445747800586767,3407.12
syn5,20,pgmexplainer,100.0,1.0,0.808181818181818,0.7408333333333332,0.889,0.8701146879306951,0.99,0.63,0.8581265807151794,0.49570271372795105,0.9941348433494568,20.0,5.6936,3410.0,0.9833782991202349,56.68
syn5,20,random,100.0,1.0,0.008125,0.010833333333333332,0.0065000000000000014,0.499775238728096,0.02,1.0,0.019735854119062424,0.8667395710945129,0.9941348433494568,20.0,0.0,3410.0,0.0002932551319647647,3409.0
syn5,20,sa_node,100.0,1.0,0.8154940711462448,0.7541666666666668,0.8886363636363639,0.8722762847017129,1.0,0.92,0.8667545914649963,0.7170459032058716,0.9941348433494568,20.0,0.0064,3410.0,0.9833782991202349,56.68
syn5,20,subgraphx,100.0,1.0,0.6212066813064592,0.4858333333333333,0.9020710678210677,-1.0,1.0,0.77,0.867662250995636,0.589990496635437,0.9962229132652283,12.88,3.3486,3410.0,0.9962052785923768,12.94
syn5,40,distance,100.0,1.0,0.6447157786936537,0.9808333333333333,0.48144864575149426,0.9628348961409727,1.0,0.33,0.8666999340057373,0.25639626383781433,0.9882696270942688,40.0,0.0151,3410.0,0.0012199413489736243,3405.84
syn5,40,gnnexplainer,100.0,1.0,0.7844145212877243,0.9158333333333333,0.7110541430973133,0.9380450137822407,1.0,0.16,0.8665010929107666,0.13633984327316284,0.9907683730125427,31.48,5.3631,3410.0,0.989724340175953,35.04
syn5,40,ig_node,100.0,1.0,0.755367131153433,0.9708333333333333,0.626784683683526,0.9844743059657414,1.0,0.3,0.8666999340057373,0.22708427906036377,0.9890733361244202,37.26,0.325,3410.0,0.7780938416422291,756.7
syn5,40,occlusion,100.0,1.0,0.1646239177725281,0.285,0.11582379745866954,0.566593079346328,0.74,1.0,0.6107132434844971,0.8678476810455322,0.9882696270942688,40.0,0.1796,3410.0,0.002346041055718473,3402.0
syn5,40,pagerank,100.0,1.0,0.7435227272727272,0.9916666666666666,0.5947142857142856,0.9953642449301043,1.0,0.18,0.8666999340057373,0.12922602891921997,0.9882696270942688,40.0,0.0207,3410.0,0.0008445747800586767,3407.12
syn5,40,pgmexplainer,100.0,1.0,0.7720731243657649,0.9799999999999999,0.64453153657488,0.9894487103760582,1.0,0.15,0.8666852712631226,0.10042014718055725,0.9890908598899841,37.2,6.5301,3410.0,0.9833782991202349,56.68
syn5,40,random,100.0,1.0,0.011591251885369533,0.025000000000000005,0.007544871794871796,0.5003953780271706,0.04,1.0,0.03404448181390762,0.866818904876709,0.9882696270942688,40.0,0.0,3410.0,0.0002932551319647647,3409.0
syn5,40,sa_node,100.0,1.0,0.7709278480734298,0.9866666666666666,0.6408518828952264,0.9928066548533175,1.0,0.22,0.8666999340057373,0.14935638010501862,0.9890908598899841,37.2,0.0061,3410.0,0.9833782991202349,56.68
syn5,40,subgraphx,100.0,1.0,0.6263838186685811,0.4925,0.9020710678210677,-1.0,1.0,0.74,0.8676337599754333,0.5698411464691162,0.9961466789245605,13.14,4.628,3410.0,0.9961466275659836,13.14
syn5,100,distance,100.0,1.0,0.31791936060841697,0.9991666666666668,0.18910244923298883,0.9954047302618626,1.0,0.04,0.8666999340057373,0.02452341467142105,0.970674455165863,100.0,0.0122,3410.0,0.0012199413489736243,3405.84
syn5,100,gnnexplainer,100.0,1.0,0.7843449844654249,0.9283333333333332,0.70904666001258,0.9622506275841702,1.0,0.0,0.8666999340057373,0.0,0.989724338054657,35.04,2.6448,3410.0,0.989724340175953,35.04
syn5,100,ig_node,100.0,1.0,0.6122316292832858,0.99,0.48082040081944016,0.9940244142547746,1.0,0.08,0.8666999340057373,0.05205100029706955,0.9819003343582153,61.72,0.3121,3410.0,0.7780938416422291,756.7
syn5,100,occlusion,100.0,1.0,0.09212093467738133,0.2866666666666666,0.05488225866191687,0.5596239417208111,0.74,1.0,0.6107132434844971,0.8678476810455322,0.970674455165863,100.0,0.1437,3410.0,0.002346041055718473,3402.0
syn5,100,pagerank,100.0,1.0,0.3869124423963135,1.0,0.23985882352941176,0.9994994093325458,1.0,0.0,0.8666999340057373,0.0,0.970674455165863,100.0,0.0256,3410.0,0.0008445747800586767,3407.12
syn5,100,pgmexplainer,100.0,1.0,0.6636471318831554,1.0,0.5262495128205573,0.9993064579641662,1.0,0.0,0.8666999340057373,0.006317612715065479,0.9840588569641113,54.36,9.1948,3410.0,0.9833782991202349,56.68
syn5,100,random,100.0,1.0,0.013561726447047548,0.06249999999999999,0.007606150102965273,0.5011483559755858,0.15,1.0,0.12178517132997513,0.8671362400054932,0.970674455165863,100.0,0.0001,3410.0,0.0002932551319647647,3409.0
syn5,100,sa_node,100.0,1.0,0.6632301161032365,1.0,0.5259323685269424,0.9994149931088798,1.0,0.02,0.8666999340057373,0.009288975037634373,0.9840588569641113,54.36,0.0047,3410.0,0.9833782991202349,56.68
syn5,100,subgraphx,100.0,1.0,0.6323243842089917,0.49833333333333335,0.9038805916305916,-1.0,1.0,0.74,0.8675765991210938,0.5725233554840088,0.996117353439331,13.24,4.4349,3410.0,0.9961173020527874,13.24
syn5,500,distance,100.0,1.0,0.0737008384115571,1.0,0.03826143802057649,0.9982091701122268,1.0,0.0,0.8666999340057373,0.0,0.8533723950386047,500.0,0.0113,3410.0,0.0012199413489736243,3405.84
syn5,500,gnnexplainer,100.0,1.0,0.7843449844654249,0.9283333333333332,0.70904666001258,0.9623800206733611,1.0,0.0,0.8666999340057373,0.0,0.989724338054657,35.04,2.6001,3410.0,0.989724340175953,35.04
syn5,500,ig_node,100.0,1.0,0.5579261178777126,0.9941666666666665,0.4463403634808718,0.9957024020476473,1.0,0.05,0.8666999340057373,0.028716055676341057,0.9570206999778748,146.56,0.2337,3410.0,0.7780938416422291,756.7
syn5,500,occlusion,100.0,1.0,0.023567852051661817,0.2966666666666667,0.012271388026086816,0.5142126895058081,0.74,1.0,0.6107132434844971,0.8678476810455322,0.8533723950386047,500.0,0.1667,3410.0,0.002346041055718473,3402.0
syn5,500,pagerank,100.0,1.0,0.09159957042928049,1.0,0.04799808764940239,0.9994994093325457,1.0,0.0,0.8666999340057373,0.0,0.8533723950386047,500.0,0.0202,3410.0,0.0008445747800586767,3407.12
syn5,500,pgmexplainer,100.0,1.0,0.658149178140985,1.0,0.5222228395483689,0.9992281945264816,1.0,0.0,0.8666999340057373,0.0,0.9833784699440002,56.68,6.4482,3410.0,0.9833782991202349,56.68
syn5,500,random,100.0,1.0,0.01461847329351043,0.29,0.007498246446608151,0.5044235454813939,0.45,1.0,0.38155362010002136,0.868089497089386,0.8533723950386047,500.0,0.0001,3410.0,0.0002932551319647647,3409.0
syn5,500,sa_node,100.0,1.0,0.658149178140985,1.0,0.5222228395483689,0.9994147469974404,1.0,0.0,0.8666999340057373,0.0,0.9833784699440002,56.68,0.0047,3410.0,0.9833782991202349,56.68
syn5,500,subgraphx,100.0,1.0,0.6182123527935548,0.4841666666666666,0.8960313852813853,-1.0,1.0,0.75,0.8676595091819763,0.5807508230209351,0.9961994886398315,12.96,4.0484,3410.0,0.9961994134897374,12.96
syn6,10,distance,100.0,1.0,0.7603672993672991,0.948,0.6396944444444446,0.84824593702387,0.48,0.34,0.42362073063850403,0.31014594435691833,0.9974671006202698,10.0,0.0136,3948.0,0.03884498480243162,3794.64
syn6,10,gnnexplainer,100.0,1.0,0.27887179487179486,0.376,0.2229007936507936,0.6079975876079229,0.18,0.63,0.17298847436904907,0.5819621682167053,0.9974671006202698,10.0,3.1857,3948.0,0.9335106382978721,262.5
syn6,10,ig_node,100.0,1.0,0.1976363636363636,0.21600000000000003,0.18233333333333335,0.6070777044184866,0.02,0.64,0.001713769743219018,0.6230382323265076,0.9974671006202698,10.0,0.281,3948.0,0.003150962512664616,3935.56
syn6,10,occlusion,100.0,1.0,0.02333333333333333,0.034,0.017777777777777778,0.5072687912646013,0.07,0.56,0.062125224620103836,0.5170621871948242,0.9974671006202698,10.0,0.6061,3948.0,0.00027355623100307815,3946.92
syn6,10,pagerank,100.0,1.0,0.8269090909090909,0.856,0.8026666666666666,0.895832402234637,0.64,0.01,0.5895732641220093,-0.009319912642240524,0.9974671006202698,10.0,0.0203,3948.0,0.0005065856129685686,3946.0
syn6,10,pgmexplainer,100.0,1.0,0.5021818181818182,0.504,0.5006666666666667,0.7494652107668865,0.53,0.26,0.4748484790325165,0.24399711191654205,0.9974671006202698,10.0,3.6115,3948.0,0.7828824721377913,857.18
syn6,10,random,100.0,1.0,0.0013333333333333333,0.002,0.001,0.49923095479939056,0.0,0.64,-0.0002009975869441405,0.5895732641220093,0.9974671006202698,10.0,0.0,3948.0,0.00025329280648433983,3947.0
syn6,10,sa_node,100.0,1.0,0.09869497169497167,0.11199999999999999,0.08938095238095238,0.5549862874555613,0.01,0.64,0.00426716823130846,0.5895732641220093,0.9974671006202698,10.0,0.0033,3948.0,0.0007497467071934815,3945.04
syn6,10,subgraphx,100.0,1.0,0.7729999999999998,0.7439999999999998,0.8105,-1.0,0.63,0.02,0.5805670022964478,0.025417929515242577,0.9976848363876343,9.14,3.2561,3948.0,0.9877102330293829,9.04
syn6,20,distance,100.0,1.0,0.511649902093838,0.992,0.34512381160291367,0.9759003301168105,0.59,0.03,0.5532691478729248,0.008610057644546032,0.9949341416358948,20.0,0.0137,3948.0,0.03884498480243162,3794.64
syn6,20,gnnexplainer,100.0,1.0,0.3158043970073988,0.596,0.21615769997116743,0.715507872016252,0.37,0.49,0.30554935336112976,0.44001704454421997,0.9949341416358948,20.0,2.648,3948.0,0.9335106382978721,262.5
syn6,20,ig_node,100.0,1.0,0.1555138704604649,0.25799999999999995,0.11202863802863802,0.6210751650584053,0.01,0.65,-0.0068516917526721954,0.6212281584739685,0.9949341416358948,20.0,0.1439,3948.0,0.003150962512664616,3935.56
syn6,20,occlusion,100.0,1.0,0.014008695652173915,0.034,0.008824561403508773,0.5060206957846624,0.07,0.56,0.06212521716952324,0.5170621871948242,0.9949341416358948,20.0,0.812,3948.0,0.0002836879432624473,3946.88
syn6,20,pagerank,100.0,1.0,0.6653333333333334,0.998,0.499,0.9987745048247844,0.64,0.05,0.5895732641220093,0.06406469643115997,0.9949341416358948,20.0,0.0261,3948.0,0.0005065856129685686,3946.0
syn6,20,pgmexplainer,100.0,1.0,0.38822614133372646,0.602,0.2872871295371295,0.7986292534281361,0.55,0.14,0.5142131447792053,0.13659876585006714,0.9949341416358948,20.0,3.4329,3948.0,0.7799088145896657,868.92
syn6,20,random,100.0,1.0,0.005633333333333335,0.014000000000000002,0.0035263157894736847,0.5009706703910615,0.01,0.62,0.005093881394714117,0.5754327774047852,0.9949341416358948,20.0,0.0,3948.0,0.00025329280648433983,3947.0
syn6,20,sa_node,100.0,1.0,0.06553394627388436,0.11199999999999999,0.046688965832928676,0.553858811579482,0.01,0.64,0.007590258494019508,0.5895732641220093,0.9949341416358948,20.0,0.0035,3948.0,0.0007497467071934815,3945.04
syn6,20,subgraphx,100.0,1.0,0.7645555555555553,0.7339999999999999,0.8089999999999999,-1.0,0.63,0.03,0.5801767110824585,0.03497853875160217,0.9976848363876343,9.14,3.3019,3948.0,0.9877355623100315,8.94
syn6,40,distance,100.0,1.0,0.25897964123794553,0.996,0.14888684087266232,0.9932180040629762,0.64,0.02,0.5895732641220093,-0.0010190713219344616,0.9898682236671448,40.0,0.0181,3948.0,0.03884498480243162,3794.64
syn6,40,gnnexplainer,100.0,1.0,0.3217993894754641,0.708,0.21230249581545949,0.8249892077196546,0.4,0.31,0.3524039089679718,0.2870970666408539,0.991159975528717,34.9,5.3043,3948.0,0.9335106382978721,262.5
syn6,40,ig_node,100.0,1.0,0.11199972487347021,0.35,0.06686559292842364,0.6711747079735908,0.01,0.65,-0.007521110121160746,0.6075797080993652,0.9898682236671448,40.0,0.2754,3948.0,0.003150962512664616,3935.56
syn6,40,occlusion,100.0,1.0,0.007761904761904762,0.034,0.004381323631323631,0.5035245048247843,0.07,0.56,0.062125224620103836,0.5170621871948242,0.9898682236671448,40.0,0.6052,3948.0,0.00027355623100307815,3946.92
syn6,40,pagerank,100.0,1.0,0.39889230769230766,0.998,0.24926190476190474,0.9987694261046219,0.64,0.02,0.5895732641220093,0.041643500328063965,0.9898682236671448,40.0,0.0198,3948.0,0.0005065856129685686,3946.0
syn6,40,pgmexplainer,100.0,1.0,0.26785149087222304,0.7339999999999999,0.16421914662049594,0.8646617572371763,0.62,0.16,0.5659587979316711,0.13212443888187408,0.9898682236671448,40.0,3.8717,3948.0,0.7805217831813579,866.5
syn6,40,random,100.0,1.0,0.005828282828282829,0.026000000000000002,0.003282051282051282,0.5014356272219402,0.01,0.61,0.014899768866598606,0.5670451521873474,0.9898682236671448,40.0,0.0,3948.0,0.00025329280648433983,3947.0
syn6,40,sa_node,100.0,1.0,0.036366403378109376,0.11199999999999999,0.021878947887044375,0.5516038598273236,0.01,0.64,0.008131319656968117,0.5895732641220093,0.9898682236671448,40.0,0.0032,3948.0,0.0007497467071934815,3945.04
syn6,40,subgraphx,100.0,1.0,0.7681111111111109,0.738,0.8069999999999999,-1.0,0.63,0.04,0.5774646401405334,0.04308025911450386,0.9976190328598022,9.4,4.265,3948.0,0.9877203647416423,9.0
syn6,100,distance,100.0,1.0,0.10525522466238872,0.998,0.055562459187768524,0.9955873539867954,0.64,0.02,0.5895732641220093,0.01712239906191826,0.9746706485748291,100.0,0.0193,3948.0,0.03884498480243162,3794.64
syn6,100,gnnexplainer,100.0,1.0,0.3262431297657424,0.802,0.2139381023360355,0.8761430929405789,0.43,0.19,0.4037659466266632,0.18358802795410156,0.9854254126548767,57.54,2.7589,3948.0,0.9335106382978721,262.5
syn6,100,ig_node,100.0,1.0,0.04540579925973143,0.37400000000000005,0.024220034424519695,0.6782209243270694,0.01,0.65,-0.007663041353225708,0.6050355434417725,0.9746706485748291,100.0,0.1601,3948.0,0.003150962512664616,3935.56
syn6,100,occlusion,100.0,1.0,0.0034036205646127793,0.034,0.001791587186207758,0.49603593194514983,0.07,0.56,0.062125224620103836,0.5170621871948242,0.9746706485748291,100.0,0.5112,3948.0,0.00027355623100307815,3946.92
syn6,100,pagerank,100.0,1.0,0.1818181818181819,1.0,0.09999999999999998,0.9997613001523616,0.64,0.02,0.5895732641220093,0.020690523087978363,0.9746706485748291,100.0,0.0272,3948.0,0.0005065856129685686,3946.0
syn6,100,pgmexplainer,100.0,1.0,0.1386981744094334,0.814,0.07585138748036985,0.9024037582529202,0.64,0.07,0.587703287601471,0.05249430984258652,0.9746706485748291,100.0,3.7264,3948.0,0.7796757852077002,869.84
syn6,100,random,100.0,1.0,0.003465415890030396,0.036000000000000004,0.0018203263435958579,0.49636846114779076,0.01,0.62,0.004737693816423416,0.5722454786300659,0.9746706485748291,100.0,0.0,3948.0,0.00025329280648433983,3947.0
syn6,100,sa_node,100.0,1.0,0.015055399381150913,0.11199999999999999,0.00810590620248506,0.5448390045708482,0.01,0.64,0.008458981290459633,0.5895732641220093,0.9746706485748291,100.0,0.0031,3948.0,0.0007497467071934815,3945.04
syn6,100,subgraphx,100.0,1.0,0.7847777777777778,0.7539999999999998,0.8245,-1.0,0.63,0.03,0.5797351002693176,0.03347864747047424,0.997467041015625,10.0,4.1106,3948.0,0.9877203647416423,9.0
syn6,500,distance,100.0,1.0,0.021912531095553647,1.0,0.011077803478794043,0.9989372778059927,0.64,0.04,0.5895732641220093,0.029243599623441696,0.8733536005020142,500.0,0.0139,3948.0,0.03884498480243162,3794.64
syn6,500,gnnexplainer,100.0,1.0,0.32678329681259144,0.95,0.2140802885039168,0.9339549263585576,0.56,0.09,0.5123613476753235,0.07677047699689865,0.960390031337738,156.38,2.5567,3948.0,0.9335106382978721,262.5
syn6,500,ig_node,100.0,1.0,0.009227457549138516,0.38800000000000007,0.004671021590023784,0.6538141188420518,0.01,0.65,-0.008630316704511642,0.6035955548286438,0.8733536005020142,500.0,0.1408,3948.0,0.003150962512664616,3935.56
syn6,500,occlusion,100.0,1.0,0.0007515083627112674,0.034,0.0003799542724943376,0.44611211274758766,0.07,0.56,0.062125224620103836,0.5170621871948242,0.8733536005020142,500.0,0.5801,3948.0,0.00027355623100307815,3946.92
syn6,500,pagerank,100.0,1.0,0.03921568627450979,1.0,0.019999999999999997,0.9997613001523616,0.64,0.01,0.5895732641220093,0.002842499641701579,0.8733536005020142,500.0,0.0275,3948.0,0.0005065856129685686,3946.0
syn6,500,pgmexplainer,100.0,1.0,0.05683934730478461,0.9779999999999999,0.029417672800446163,0.9767546978161505,0.64,0.02,0.5895732641220093,0.008439377881586552,0.9036524295806885,380.38,5.5268,3948.0,0.7802938196555219,867.4
syn6,500,random,100.0,1.0,0.005316832230792657,0.252,0.0026867624884591755,0.5056381411884204,0.06,0.6,0.05190179497003555,0.5688732862472534,0.8733536005020142,500.0,0.0,3948.0,0.00025329280648433983,3947.0
syn6,500,sa_node,100.0,1.0,0.0031874352630893344,0.11199999999999999,0.0016185975821850485,0.49973996952767896,0.01,0.64,0.01146591454744339,0.5895732641220093,0.8733536005020142,500.0,0.0034,3948.0,0.0007497467071934815,3945.04
syn6,500,subgraphx,100.0,1.0,0.7652222222222221,0.7319999999999999,0.8129999999999998,-1.0,0.63,0.04,0.5737816691398621,0.04403095692396164,0.9964842200279236,13.88,3.9086,3948.0,0.9877507598784204,8.88
