dataset,threshold,explainer_name,num_test_nodes,gpu,f1_score,recall,precision,auc,fidelity_acc+,fidelity_acc-,fidelity_prob+,fidelity_prob-,mask_sparsity,expl_edges,time,number_of_edges,mask_sparsity_init,non_zero_values_init
syn1,0.5,distance,100.0,1.0,0.5635757575757575,0.41333333333333344,0.9395,0.6033028306490972,0.05,0.53,-0.12311556190252304,0.4879054129123688,0.999335765838623,2.73,0.0162,4110.0,0.00917518248175182,4072.29
syn1,0.5,gnnexplainer,100.0,1.0,0.36532497452199275,0.6500000000000001,0.3557069702928115,0.7200797136814704,0.44,0.29,0.285291463136673,0.15117599070072174,0.9419440627098083,238.61,2.6174,4110.0,0.9376058394160586,256.44
syn1,0.5,ig_node,100.0,1.0,0.4462750582750582,0.4366666666666666,0.45952380952380945,0.47842443468358553,0.05,0.53,0.024773504585027695,0.4457051157951355,0.5202190279960632,1971.9,0.1674,4110.0,0.05082238442822385,3901.12
syn1,0.5,occlusion,100.0,1.0,0.0016300607693619975,0.24,0.0008179086649479981,0.06296709777127055,0.48,0.05,0.4333445429801941,0.009594299830496311,0.062043800950050354,3855.0,0.7179,4110.0,0.00024330900243307862,4109.0
syn1,0.5,pagerank,100.0,1.0,0.880128205128205,0.8616666666666665,0.9033809523809522,0.9307735480722304,0.53,0.05,0.4879054129123688,-0.018172837793827057,0.9972018599510193,11.5,0.0198,4110.0,0.00048661800486615725,4108.0
syn1,0.5,pgmexplainer,100.0,1.0,0.5010036816137862,0.855,0.43391231741507724,0.916793151130633,0.53,0.01,0.4879054129123688,-0.02340804412961006,0.968681275844574,128.72,3.6772,4110.0,0.8193965936739659,742.28
syn1,0.5,random,100.0,1.0,0.005979418214109358,0.77,0.0030013648175459423,0.5004463559459897,0.48,0.42,0.2883473336696625,0.23718751966953278,0.5014306902885437,2049.12,0.0001,4110.0,0.00024330900243307862,4109.0
syn1,0.5,sa_node,100.0,1.0,0.02845731678914345,0.11166666666666664,0.028800756383869048,0.041801285179762476,0.05,0.53,-0.06919316947460175,0.509470522403717,0.05267152935266495,3893.52,0.0027,4110.0,0.00048661800486615725,4108.0
syn1,0.5,subgraphx,100.0,1.0,0.8071601731601732,0.8083333333333332,0.8233571428571429,0.9039982918496827,0.45,0.19,0.4063794016838074,0.08354434370994568,0.9973040223121643,11.08,0.8782,4110.0,0.9473041362530416,11.08
syn1,0.8,distance,100.0,1.0,0.5635757575757575,0.41333333333333344,0.9395,0.6033028306490972,0.05,0.53,-0.12311556190252304,0.4879054129123688,0.999335765838623,2.73,0.0139,4110.0,0.00917518248175182,4072.29
syn1,0.8,gnnexplainer,100.0,1.0,0.3968998337013411,0.6833333333333335,0.3928140298998711,0.7279216487717588,0.44,0.31,0.3004694879055023,0.17321471869945526,0.9421435594558716,237.79,4.7447,4110.0,0.9376058394160586,256.44
syn1,0.8,ig_node,100.0,1.0,0.339047619047619,0.25333333333333335,0.52,0.387418252806247,0.07,0.53,0.026241106912493706,0.482979953289032,0.522160530090332,1963.92,0.1609,4110.0,0.05082238442822385,3901.12
syn1,0.8,occlusion,100.0,1.0,0.0074589500556008995,0.12333333333333332,0.010397541205869665,0.06218073857166097,0.28,0.25,0.3020877540111542,0.27982771396636963,0.07081753015518188,3818.94,0.5102,4110.0,0.00024330900243307862,4109.0
syn1,0.8,pagerank,100.0,1.0,0.5719090909090909,0.4216666666666667,0.9395,0.7108028306490973,0.53,0.05,0.4879054129123688,0.013378889299929142,0.998647153377533,5.56,0.0227,4110.0,0.00048661800486615725,4108.0
syn1,0.8,pgmexplainer,100.0,1.0,0.5228650186193753,0.53,0.631063349909577,0.7632015617374328,0.41,0.46,0.362364262342453,0.31193143129348755,0.9942968487739563,23.44,3.9813,4110.0,0.8207007299270075,736.92
syn1,0.8,random,100.0,1.0,0.006058035686376258,0.3766666666666667,0.0030535928127160493,0.5053405116316901,0.21,0.49,0.0935569554567337,0.4075855612754822,0.8002164363861084,821.11,0.0001,4110.0,0.00024330900243307862,4109.0
syn1,0.8,sa_node,100.0,1.0,0.014392718176764867,0.026666666666666665,0.05005365853658536,0.029583943387018044,0.0,0.53,-0.04421404376626015,0.4879054129123688,0.05352798104286194,3890.0,0.0048,4110.0,0.00048661800486615725,4108.0
syn1,0.8,subgraphx,100.0,1.0,0.7889597069597069,0.7866666666666667,0.8084523809523809,0.8931454367984383,0.45,0.18,0.38942062854766846,0.09054972976446152,0.9973283410072327,10.98,0.9468,4110.0,0.9473284671532849,10.98
syn1,0.9,distance,100.0,1.0,0.5635757575757575,0.41333333333333344,0.9395,0.6033028306490972,0.05,0.53,-0.12311556190252304,0.4879054129123688,0.999335765838623,2.73,0.0163,4110.0,0.00917518248175182,4072.29
syn1,0.9,gnnexplainer,100.0,1.0,0.35837013475052265,0.5983333333333334,0.36854585389989686,0.6784274849520092,0.32,0.41,0.1827176809310913,0.2876341938972473,0.9690389037132263,127.25,2.6277,4110.0,0.9376058394160586,256.44
syn1,0.9,ig_node,100.0,1.0,0.15714285714285714,0.09333333333333331,0.52,0.30826500732064416,0.12,0.53,0.03062938153743744,0.30537304282188416,0.5243163108825684,1955.06,0.1487,4110.0,0.05082238442822385,3901.12
syn1,0.9,occlusion,100.0,1.0,0.013982584179477595,0.07833333333333332,0.040206183336178,0.06852183992191313,0.25,0.31,0.20751245319843292,0.33813732862472534,0.10039658844470978,3697.37,0.5205,4110.0,0.00024330900243307862,4109.0
syn1,0.9,pagerank,100.0,1.0,0.4911904761904761,0.335,1.0,0.6675,0.53,0.3,0.45442554354667664,0.2545420527458191,0.9990218281745911,4.02,0.0226,4110.0,0.00048661800486615725,4108.0
syn1,0.9,pgmexplainer,100.0,1.0,0.4718659396159396,0.3933333333333333,0.703295634920635,0.6961383601756955,0.33,0.52,0.3036000728607178,0.39016032218933105,0.997732400894165,9.32,5.4703,4110.0,0.8213333333333331,734.32
syn1,0.9,random,100.0,1.0,0.005707274004674903,0.18833333333333332,0.0028976193561676866,0.499716121685375,0.11,0.53,0.036989107728004456,0.443439245223999,0.8999757170677185,411.1,0.0,4110.0,0.00024330900243307862,4109.0
syn1,0.9,sa_node,100.0,1.0,0.014285714285714284,0.008333333333333333,0.05,0.031121278672523168,0.0,0.53,-0.01799768954515457,0.4879054129123688,0.056647203862667084,3877.18,0.0033,4110.0,0.00048661800486615725,4108.0
syn1,0.9,subgraphx,100.0,1.0,0.7983116883116882,0.795,0.8233571428571429,0.8973340653977551,0.45,0.18,0.4120316207408905,0.07792235165834427,0.997347891330719,10.9,0.9897,4110.0,0.9473479318734794,10.9
syn3,0.5,distance,100.0,1.0,0.36211064425770295,0.22583333333333336,0.9563333333333334,0.5564444883966244,0.0,0.0,-0.002415922237560153,0.01837414689362049,0.999439001083374,2.85,0.019,5080.0,0.009295275590551174,5032.78
syn3,0.5,gnnexplainer,100.0,1.0,0.5406763208856512,0.555,0.6904948443170221,0.6755711036392406,0.0,0.0,0.00012902259186375886,0.0016316712135449052,0.9762441515922546,120.68,2.5903,5080.0,0.9721535433070868,141.46
syn3,0.5,ig_node,100.0,1.0,0.0027444239316505347,0.29083333333333333,0.0013787170441718704,0.00045391613924049246,0.0,0.0,-0.004134370479732752,0.017718346789479256,0.004059054423123598,5059.38,0.1671,5080.0,0.0004921259842519365,5077.5
syn3,0.5,occlusion,100.0,1.0,0.14776321418703062,0.9816666666666667,0.1271404251141778,0.6087523074894515,0.0,0.0,-0.004416968673467636,0.017954638227820396,0.2576752305030823,3771.01,0.4884,5080.0,0.068255905511811,4733.26
syn3,0.5,pagerank,100.0,1.0,0.5900735294117647,0.4266666666666667,0.9705000000000001,0.7133061379219409,0.0,0.0,0.01837414689362049,-0.004013152327388525,0.9979291558265686,10.52,0.0276,5080.0,0.0006023622047243993,5076.94
syn3,0.5,pgmexplainer,100.0,1.0,0.5427168541522269,0.5358333333333334,0.6824932284637358,0.7632164754746836,0.0,0.0,0.01837414689362049,-0.0037106566596776247,0.987090528011322,65.58,5.3067,5080.0,0.9260590551181105,375.62
syn3,0.5,random,100.0,1.0,0.009647886636304797,0.7708333333333331,0.004854325743921071,0.5072966112869198,0.0,0.0,-0.0008832907769829035,-0.0006609123665839434,0.4997185170650482,2541.43,0.0001,5080.0,0.00019685039370076485,5079.0
syn3,0.5,sa_node,100.0,1.0,0.0030891883924228434,0.3275,0.0015519135174855523,0.0001600408755274129,0.0,0.0,-0.0040504406206309795,0.0181847233325243,0.0033976363483816385,5062.74,0.0056,5080.0,0.0006417322834645511,5076.74
syn3,0.5,subgraphx,100.0,1.0,0.7153553146603625,0.6099999999999999,0.9176751026751027,0.8048773734177214,0.0,0.0,0.01659732311964035,-0.0036949641071259975,0.9968740940093994,15.88,1.3316,5080.0,0.9768740157480325,15.88
syn3,0.8,distance,100.0,1.0,0.36211064425770295,0.22583333333333336,0.9563333333333334,0.5564444883966244,0.0,0.0,-0.002415922237560153,0.01837414689362049,0.999439001083374,2.85,0.0193,5080.0,0.009295275590551174,5032.78
syn3,0.8,gnnexplainer,100.0,1.0,0.5267258663329935,0.5358333333333334,0.6944101278638847,0.6733430165479958,0.0,0.0,0.0005528408219106495,0.004786047153174877,0.9763385653495789,120.2,3.9977,5080.0,0.9721535433070868,141.46
syn3,0.8,ig_node,100.0,1.0,7.880220646178092e-06,0.0008333333333333333,3.9588281868566905e-06,0.0009340387658227748,0.0,0.0,-0.003285554703325033,0.01837414689362049,0.006578742992132902,5046.58,0.1572,5080.0,0.0004921259842519365,5077.5
syn3,0.8,occlusion,100.0,1.0,0.4357755934616071,0.6666666666666667,0.39818852558096607,0.5843938719672996,0.0,0.0,-0.0039753844030201435,0.01837414689362049,0.6659350395202637,1697.05,0.3746,5080.0,0.06825984251968502,4733.24
syn3,0.8,pagerank,100.0,1.0,0.36211064425770295,0.22583333333333336,0.9563333333333334,0.6128929324894514,0.0,0.0,0.01837414689362049,-0.003908474463969469,0.9988778829574585,5.7,0.0317,5080.0,0.0006023622047243993,5076.94
syn3,0.8,pgmexplainer,100.0,1.0,0.309768631214202,0.21166666666666667,0.7580212427110454,0.6050941126054852,0.0,0.0,0.0014179700519889593,-0.0035781420301645994,0.9974843859672546,12.78,5.3993,5080.0,0.9258740157480316,376.56
syn3,0.8,random,100.0,1.0,0.009669758283632587,0.37166666666666665,0.004898649496152363,0.5044965140427213,0.0,0.0,-0.003033704124391079,0.007902312092483044,0.8004782795906067,1013.57,0.0001,5080.0,0.00019685039370076485,5079.0
syn3,0.8,sa_node,100.0,1.0,7.870916961826054e-06,0.0008333333333333333,3.954132068011071e-06,0.0005597310126582145,0.0,0.0,-0.0031353842932730913,0.01837414689362049,0.005834649782627821,5050.36,0.0036,5080.0,0.0006456692913385675,5076.72
syn3,0.8,subgraphx,100.0,1.0,0.7153553146603625,0.6099999999999999,0.9176751026751027,0.8048773734177214,0.0,0.0,0.01661108061671257,-0.0036949641071259975,0.9968740940093994,15.88,1.0004,5080.0,0.9768740157480325,15.88
syn3,0.9,distance,100.0,1.0,0.36211064425770295,0.22583333333333336,0.9563333333333334,0.5564444883966244,0.0,0.0,-0.002415922237560153,0.01837414689362049,0.999439001083374,2.85,0.019,5080.0,0.009295275590551174,5032.78
syn3,0.9,gnnexplainer,100.0,1.0,0.546211320840372,0.5325000000000001,0.6945328387555171,0.6678829608386074,0.0,0.0,-0.002452437300235033,0.0006660723593086004,0.985677182674408,72.76,5.299,5080.0,0.9721535433070868,141.46
syn3,0.9,ig_node,100.0,1.0,0.0,0.0,0.0,0.0022982594936708776,0.0,0.0,-0.0030198770109564066,0.01837414689362049,0.009299215860664845,5032.76,0.2019,5080.0,0.0004921259842519365,5077.5
syn3,0.9,occlusion,100.0,1.0,0.3730604855033354,0.55,0.3827920911876525,0.5160033458597046,0.0,0.0,-0.0037018144503235817,0.01837414689362049,0.6666633486747742,1693.35,0.3658,5080.0,0.06825984251968502,4733.24
syn3,0.9,pagerank,100.0,1.0,0.3158551497522085,0.19333333333333336,0.9588333333333334,0.5966444158755274,0.0,0.0,0.011951187625527382,-0.003996653016656637,0.9990354180335999,4.9,0.0289,5080.0,0.0006023622047243993,5076.94
syn3,0.9,pgmexplainer,100.0,1.0,0.1997161022156378,0.12,0.8088882783882783,0.5597898536392405,0.0,0.0,-0.0014646333875134587,-0.002524539828300476,0.9990116357803345,5.02,7.4044,5080.0,0.9254842519685043,378.54
syn3,0.9,random,100.0,1.0,0.009223213791997859,0.19,0.004726533872642654,0.4988236748417723,0.0,0.0,-0.0023810071870684624,0.011092052794992924,0.8997677564620972,509.18,0.0001,5080.0,0.00019685039370076485,5079.0
syn3,0.9,sa_node,100.0,1.0,0.0,0.0,0.0,0.001461629746835431,0.0,0.0,-0.002939165337011218,0.01837414689362049,0.007633864413946867,5041.22,0.0036,5080.0,0.0006456692913385675,5076.72
syn3,0.9,subgraphx,100.0,1.0,0.7153553146603625,0.6099999999999999,0.9176751026751027,0.8048773734177214,0.0,0.0,0.01661108061671257,-0.0036949641071259975,0.9968740940093994,15.88,0.8576,5080.0,0.9768740157480325,15.88
syn4,0.5,distance,100.0,1.0,0.4872222222222223,0.3333333333333334,0.9233333333333333,0.583273562023562,0.77,1.0,0.6813338398933411,0.9844945669174194,0.9988482594490051,2.23,0.0075,1936.0,0.004979338842975205,1926.36
syn4,0.5,gnnexplainer,100.0,1.0,0.6369847423818011,0.6483333333333334,0.650203823953824,0.7037922297297297,0.93,0.98,0.8969695568084717,0.9532235860824585,0.9959504008293152,7.84,3.9471,1936.0,0.9898863636363642,19.58
syn4,0.5,ig_node,100.0,1.0,0.8080189810189811,0.7883333333333334,0.850547619047619,0.8938911988911987,1.0,0.55,0.9844945669174194,0.6426201462745667,0.9941632747650146,11.3,0.1493,1936.0,0.35747933884297495,1243.92
syn4,0.5,occlusion,100.0,1.0,0.41910180138483427,0.72,0.5643533274494819,0.5755448717948718,1.0,0.75,0.9844280481338501,0.7409836649894714,0.5709452629089355,830.65,0.0601,1936.0,0.0010743801652892315,1933.92
syn4,0.5,pagerank,100.0,1.0,0.682949494949495,0.59,0.8273333333333334,0.7948094248094244,1.0,1.0,0.9844945669174194,0.9690840840339661,0.9955991506576538,8.52,0.0146,1936.0,0.0012086776859503957,1933.66
syn4,0.5,pgmexplainer,100.0,1.0,0.8205623561165359,1.0,0.7063323343323343,0.9999125086625087,1.0,0.0,0.9844945669174194,0.009047764353454113,0.990878164768219,17.66,4.6873,1936.0,0.985082644628099,28.88
syn4,0.5,random,100.0,1.0,0.012923796774190482,0.7866666666666668,0.0065154359269678445,0.5116382969507969,0.97,0.97,0.9434748888015747,0.9388235211372375,0.5007386207580566,966.57,0.0,1936.0,0.0005165289256198191,1935.0
syn4,0.5,sa_node,100.0,1.0,0.0043565660730456824,0.3516666666666668,0.002191859805343507,0.13290887040887037,0.99,1.0,0.8561467528343201,0.9813050031661987,0.0056404913775622845,1925.08,0.0029,1936.0,0.0013533057851239606,1933.38
syn4,0.5,subgraphx,100.0,1.0,0.7019999999999998,0.5966666666666666,0.8565,0.7979954954954954,1.0,1.0,0.9844945669174194,0.9489234089851379,0.9956300258636475,8.46,0.242,1936.0,0.9956301652892579,8.46
syn4,0.8,distance,100.0,1.0,0.4872222222222223,0.3333333333333334,0.9233333333333333,0.583273562023562,0.77,1.0,0.6813338398933411,0.9844945669174194,0.9988482594490051,2.23,0.0087,1936.0,0.004979338842975205,1926.36
syn4,0.8,gnnexplainer,100.0,1.0,0.6242745032745032,0.6349999999999999,0.6521349206349207,0.6963303447678448,0.88,0.99,0.8476892709732056,0.9564644694328308,0.9960846900939941,7.58,2.7121,1936.0,0.9898863636363642,19.58
syn4,0.8,ig_node,100.0,1.0,0.6275714285714286,0.475,0.9933333333333333,0.7374861399861401,0.95,0.98,0.931444525718689,0.9097992777824402,0.9970142841339111,5.78,0.1507,1936.0,0.35747933884297495,1243.92
syn4,0.8,occlusion,100.0,1.0,0.3973174603174603,0.2583333333333333,0.9933333333333333,0.5816627685377685,0.99,1.0,0.9730387330055237,0.9780464768409729,0.9989771842956543,1.98,0.0646,1936.0,0.0010743801652892315,1933.92
syn4,0.8,pagerank,100.0,1.0,0.4872222222222223,0.3333333333333334,0.9233333333333333,0.6665748440748444,1.0,1.0,0.9844945669174194,0.8602080345153809,0.9976962208747864,4.46,0.0138,1936.0,0.0012086776859503957,1933.66
syn4,0.8,pgmexplainer,100.0,1.0,0.894187028657617,1.0,0.8177878787878788,0.9999107761607762,1.0,0.04,0.9844937324523926,0.03866749629378319,0.9922211170196533,15.06,6.8096,1936.0,0.985082644628099,28.88
syn4,0.8,random,100.0,1.0,0.011969579438935144,0.3533333333333333,0.0060881357143249696,0.49735317047817057,0.52,1.0,0.5039753317832947,0.9828872084617615,0.8007283210754395,385.79,0.0,1936.0,0.0005165289256198191,1935.0
syn4,0.8,sa_node,100.0,1.0,0.10097138798138998,0.1733333333333333,0.1906564391148652,0.2937101524601525,0.28,1.0,0.31965306401252747,0.9844945669174194,0.39519625902175903,1170.9,0.0028,1936.0,0.0013533057851239606,1933.38
syn4,0.8,subgraphx,100.0,1.0,0.695272727272727,0.5916666666666667,0.847,0.7954747054747053,1.0,1.0,0.9844945669174194,0.9493544101715088,0.9956198334693909,8.48,0.2643,1936.0,0.9956198347107456,8.48
syn4,0.9,distance,100.0,1.0,0.4872222222222223,0.3333333333333334,0.9233333333333333,0.583273562023562,0.77,1.0,0.6813338398933411,0.9844945669174194,0.9988482594490051,2.23,0.0097,1936.0,0.004979338842975205,1926.36
syn4,0.9,gnnexplainer,100.0,1.0,0.6567543567543567,0.6733333333333333,0.6615873015873014,0.7113968295218297,0.93,0.99,0.9061156511306763,0.9618543386459351,0.9959813952445984,7.78,5.2772,1936.0,0.9898863636363642,19.58
syn4,0.9,ig_node,100.0,1.0,0.4698571428571428,0.325,0.9933333333333333,0.66248613998614,0.94,1.0,0.9039318561553955,0.9113627076148987,0.9979442358016968,3.98,0.1534,1936.0,0.35747933884297495,1243.92
syn4,0.9,occlusion,100.0,1.0,0.3722857142857143,0.235,1.0,0.5666666666666668,0.99,1.0,0.9662304520606995,0.9845030903816223,0.9991735219955444,1.6,0.0787,1936.0,0.0010743801652892315,1933.92
syn4,0.9,pagerank,100.0,1.0,0.4872222222222223,0.3333333333333334,0.9233333333333333,0.6665748440748444,1.0,1.0,0.9844945669174194,0.8602080345153809,0.9976962208747864,4.46,0.0138,1936.0,0.0012086776859503957,1933.66
syn4,0.9,pgmexplainer,100.0,1.0,0.9236923076923077,0.995,0.8682738095238096,0.9973527373527373,1.0,0.04,0.984000027179718,0.05795300006866455,0.992779016494751,13.98,4.5702,1936.0,0.985082644628099,28.88
syn4,0.9,random,100.0,1.0,0.011800919344697056,0.18666666666666668,0.0060939510490720826,0.4981535862785863,0.31,1.0,0.3157658576965332,0.9844992756843567,0.8992819786071777,194.99,0.0,1936.0,0.0005165289256198191,1935.0
syn4,0.9,sa_node,100.0,1.0,0.15003955353969997,0.13166666666666665,0.2901876093929503,0.3569464656964658,0.06,1.0,0.1983061581850052,0.9844945669174194,0.5542975068092346,862.88,0.0036,1936.0,0.0013533057851239606,1933.38
syn4,0.9,subgraphx,100.0,1.0,0.7087272727272727,0.6033333333333333,0.8630000000000001,0.8013444213444211,1.0,1.0,0.9844945669174194,0.9493544101715088,0.9956197142601013,8.48,0.2437,1936.0,0.9956198347107456,8.48
syn5,0.5,distance,100.0,1.0,0.3587492997198879,0.22666666666666668,0.9143333333333333,0.5566164599330576,0.45,1.0,0.43155503273010254,0.8666999340057373,0.9991027116775513,3.06,0.0124,3410.0,0.0012199413489736243,3405.84
syn5,0.5,gnnexplainer,100.0,1.0,0.5582948893002869,0.47416666666666674,0.714326035076035,0.6420846254183895,0.85,0.99,0.714287281036377,0.8630461692810059,0.9971641302108765,9.67,2.5275,3410.0,0.989724340175953,35.04
syn5,0.5,ig_node,100.0,1.0,0.7814966701353506,0.7333333333333333,0.8507807976337389,0.8661892104745028,1.0,0.72,0.8668781518936157,0.5847089886665344,0.9937594532966614,21.28,0.2249,3410.0,0.7780938416422291,756.7
syn5,0.5,occlusion,100.0,1.0,0.3178717201648389,0.23333333333333336,0.786845865602048,0.5035206241386099,0.75,1.0,0.6207718253135681,0.8679665923118591,0.8812961578369141,404.78,0.1295,3410.0,0.002346041055718473,3402.0
syn5,0.5,pagerank,100.0,1.0,0.5384791881664945,0.3841666666666667,0.920904761904762,0.6919944871037608,1.0,0.99,0.8666999340057373,0.8499776721000671,0.9970852136611938,9.94,0.0184,3410.0,0.0008445747800586767,3407.12
syn5,0.5,pgmexplainer,100.0,1.0,0.7928803204375512,0.9291666666666666,0.7189110292504591,0.9640743748769444,1.0,0.02,0.8666999340057373,0.012245511636137962,0.9900469183921814,33.94,5.9245,3410.0,0.9833782991202349,56.68
syn5,0.5,random,100.0,1.0,0.013988424487651006,0.7508333333333335,0.007059991552342526,0.49817311478637527,0.96,0.97,0.8296051621437073,0.8385974168777466,0.5003695487976074,1703.74,0.0,3410.0,0.0002932551319647647,3409.0
syn5,0.5,sa_node,100.0,1.0,0.7387645069651936,0.6433333333333334,0.8984165834165835,0.8214771608584366,0.99,0.95,0.8583335280418396,0.7637656927108765,0.9949209094047546,17.32,0.004,3410.0,0.9833782991202349,56.68
syn5,0.5,subgraphx,100.0,1.0,0.6247970866871122,0.49166666666666664,0.9031424963924963,0.7456502264225242,1.0,0.73,0.867557168006897,0.5646765828132629,0.9961760640144348,13.04,3.1927,3410.0,0.9961759530791803,13.04
syn5,0.8,distance,100.0,1.0,0.3587492997198879,0.22666666666666668,0.9143333333333333,0.5566164599330576,0.45,1.0,0.43155503273010254,0.8666999340057373,0.9991027116775513,3.06,0.0155,3410.0,0.0012199413489736243,3405.84
syn5,0.8,gnnexplainer,100.0,1.0,0.5609532513275749,0.48083333333333333,0.6992216117216117,0.644578411104548,0.84,1.0,0.7059948444366455,0.8651686310768127,0.9971144199371338,9.84,3.833,3410.0,0.989724340175953,35.04
syn5,0.8,ig_node,100.0,1.0,0.4432171114059658,0.3025,0.8898452380952382,0.6510964264619019,0.49,0.91,0.45757579803466797,0.7968147993087769,0.9975659847259521,8.3,0.1908,3410.0,0.7780938416422291,756.7
syn5,0.8,occlusion,100.0,1.0,0.328293636629746,0.21333333333333335,0.8683453165568205,0.5338691179366016,0.74,1.0,0.6083648204803467,0.8678476810455322,0.9597829580307007,137.14,0.1517,3410.0,0.002346041055718473,3402.0
syn5,0.8,pagerank,100.0,1.0,0.3587492997198879,0.22666666666666668,0.9143333333333333,0.6132516243354992,1.0,1.0,0.8666999340057373,0.8692403435707092,0.9982051849365234,6.12,0.022,3410.0,0.0008445747800586767,3407.12
syn5,0.8,pgmexplainer,100.0,1.0,0.8309955640075992,0.9158333333333333,0.7791603414335175,0.9574084465445956,1.0,0.18,0.8666999340057373,0.13764822483062744,0.9913195967674255,29.6,6.5631,3410.0,0.9833782991202349,56.68
syn5,0.8,random,100.0,1.0,0.01449833152579395,0.3775,0.007391277873601296,0.5037180055128961,0.74,1.0,0.6100893616676331,0.8677992224693298,0.8001729846000671,681.41,0.0,3410.0,0.0002932551319647647,3409.0
syn5,0.8,sa_node,100.0,1.0,0.5071258321142221,0.3575000000000001,0.977047619047619,0.6787258810789525,0.83,0.98,0.7229421734809875,0.8248469829559326,0.9974193572998047,8.8,0.0044,3410.0,0.9833782991202349,56.68
syn5,0.8,subgraphx,100.0,1.0,0.6220085936184333,0.4883333333333333,0.8949242424242424,0.7439687930695018,1.0,0.74,0.8675566911697388,0.5677724480628967,0.9961702227592468,13.06,3.4908,3410.0,0.9961700879765409,13.06
syn5,0.9,distance,100.0,1.0,0.3587492997198879,0.22666666666666668,0.9143333333333333,0.5566164599330576,0.45,1.0,0.43155503273010254,0.8666999340057373,0.9991027116775513,3.06,0.0152,3410.0,0.0012199413489736243,3405.84
syn5,0.9,gnnexplainer,100.0,1.0,0.5747004700224917,0.49499999999999994,0.723105033855034,0.6485588944674149,0.84,0.99,0.7189844250679016,0.8599287271499634,0.9971144199371338,9.84,2.6087,3410.0,0.989724340175953,35.04
syn5,0.9,ig_node,100.0,1.0,0.2731654447203982,0.1716666666666667,0.9024047619047618,0.5857535932270133,0.17,0.92,0.1818830668926239,0.8077632188796997,0.9986275434494019,4.68,0.2175,3410.0,0.7780938416422291,756.7
syn5,0.9,occlusion,100.0,1.0,0.30009705543316484,0.18916666666666668,0.8700119832234872,0.5278466479621973,0.72,1.0,0.5859777927398682,0.8678481578826904,0.9599031805992126,136.73,0.145,3410.0,0.002346041055718473,3402.0
syn5,0.9,pagerank,100.0,1.0,0.3384416074121956,0.21250000000000002,0.9143333333333333,0.6061682910021658,0.95,1.0,0.8291441202163696,0.8692370653152466,0.9983049631118774,5.78,0.0185,3410.0,0.0008445747800586767,3407.12
syn5,0.9,pgmexplainer,100.0,1.0,0.8511552781967062,0.9058333333333333,0.8174051871760851,0.9524608682811578,1.0,0.26,0.8666802048683167,0.19108453392982483,0.9919412732124329,27.48,11.3458,3410.0,0.9833782991202349,56.68
syn5,0.9,random,100.0,1.0,0.012193695299735498,0.1708333333333333,0.006323135039163641,0.4950631275841701,0.5,1.0,0.4089305102825165,0.8678897023200989,0.8998914361000061,341.37,0.0001,3410.0,0.0002932551319647647,3409.0
syn5,0.9,sa_node,100.0,1.0,0.37459655076605536,0.24666666666666665,0.995,0.6233269344359126,0.58,0.96,0.5145426392555237,0.8314078450202942,0.9982463717460632,5.98,0.0038,3410.0,0.9833782991202349,56.68
syn5,0.9,subgraphx,100.0,1.0,0.6295637013074419,0.4941666666666666,0.9093091630591631,0.7469031797597951,1.0,0.73,0.8676514625549316,0.5682018995285034,0.9961643218994141,13.08,5.0218,3410.0,0.9961642228739016,13.08
syn6,0.5,distance,100.0,1.0,0.5302380952380951,0.408,0.9516666666666667,0.601972067039106,0.0,0.64,-0.013474705629050732,0.5895732641220093,0.9994276165962219,2.26,0.0137,3948.0,0.03884498480243162,3794.64
syn6,0.5,gnnexplainer,100.0,1.0,0.27090585356244884,0.64,0.2266040242502907,0.7246088115794821,0.44,0.35,0.3969399929046631,0.32523825764656067,0.9393211603164673,239.56,2.6261,3948.0,0.9335106382978721,262.5
syn6,0.5,ig_node,100.0,1.0,0.1722811414074902,0.5480000000000002,0.11797035902820133,0.39044997460639913,0.42,0.58,0.34451010823249817,0.4476044476032257,0.3568439781665802,2539.18,0.1485,3948.0,0.003150962512664616,3935.56
syn6,0.5,occlusion,100.0,1.0,0.001974595797971937,0.38799999999999996,0.0009898168702170982,0.040617572371762334,0.65,0.34,0.6059147119522095,0.2530263662338257,0.012117523699998856,3900.16,0.5964,3948.0,0.00027355623100307815,3946.92
syn6,0.5,pagerank,100.0,1.0,0.8413030303030302,0.882,0.8082619047619046,0.940808532249873,0.64,0.01,0.5895732641220093,-0.006828374695032835,0.9972391724586487,10.9,0.0221,3948.0,0.0005065856129685686,3946.0
syn6,0.5,pgmexplainer,100.0,1.0,0.2720363910187218,0.8319999999999999,0.19649916368159284,0.9073260538344337,0.64,0.02,0.5895732641220093,-0.0021961722522974014,0.956550121307373,171.54,3.6076,3948.0,0.7805268490374876,866.48
syn6,0.5,random,100.0,1.0,0.00514945143979034,0.7639999999999999,0.002583433661048343,0.5040933214829864,0.44,0.34,0.41588813066482544,0.3068481683731079,0.5003090500831604,1972.78,0.0,3948.0,0.00025329280648433983,3947.0
syn6,0.5,sa_node,100.0,1.0,0.0010133519950080397,0.19999999999999996,0.000507962861858903,0.11232097511427125,0.45,0.25,0.394863486289978,0.2578727602958679,0.0027102071326225996,3937.3,0.0031,3948.0,0.0007497467071934815,3945.04
syn6,0.5,subgraphx,100.0,1.0,0.770111111111111,0.7399999999999999,0.814,0.8698146267140681,0.62,0.04,0.5702691078186035,0.04547926038503647,0.997755765914917,8.86,3.0914,3948.0,0.97775582573455,8.86
syn6,0.8,distance,100.0,1.0,0.5302380952380951,0.408,0.9516666666666667,0.601972067039106,0.0,0.64,-0.013474705629050732,0.5895732641220093,0.9994276165962219,2.26,0.0137,3948.0,0.03884498480243162,3794.64
syn6,0.8,gnnexplainer,100.0,1.0,0.26936846907730894,0.654,0.21911534532093377,0.7293643981716607,0.48,0.34,0.43435898423194885,0.2858632802963257,0.9387639760971069,241.76,5.4025,3948.0,0.9335106382978721,262.5
syn6,0.8,ig_node,100.0,1.0,0.13653454323692704,0.16999999999999996,0.36581167312820334,0.3077938039614017,0.32,0.35,0.26881083846092224,0.3467864990234375,0.5007650256156921,1970.98,0.1425,3948.0,0.003150962512664616,3935.56
syn6,0.8,occlusion,100.0,1.0,0.003959064249359712,0.098,0.010313922951477778,0.05207821229050281,0.25,0.44,0.21862086653709412,0.3971540331840515,0.07093971222639084,3667.93,0.5164,3948.0,0.00027355623100307815,3946.92
syn6,0.8,pagerank,100.0,1.0,0.5297619047619047,0.408,0.955,0.7039502285424072,0.64,0.36,0.5866785645484924,0.2698759436607361,0.998860239982605,4.5,0.0198,3948.0,0.0005065856129685686,3946.0
syn6,0.8,pgmexplainer,100.0,1.0,0.3344789334444363,0.484,0.40542656873607524,0.7398654139156932,0.56,0.24,0.4953133761882782,0.2345282882452011,0.9915096163749695,33.52,3.9217,3948.0,0.7804255319148937,866.88
syn6,0.8,random,100.0,1.0,0.004558811285604019,0.326,0.0022954726062758253,0.4871204926358558,0.19,0.61,0.17184360325336456,0.5504347085952759,0.8003420233726501,788.25,0.0,3948.0,0.00025329280648433983,3947.0
syn6,0.8,sa_node,100.0,1.0,0.11432352685085384,0.11199999999999999,0.24614867888108957,0.331124936515998,0.01,0.64,-0.010229980573058128,0.5895732641220093,0.5486069321632385,1782.1,0.0029,3948.0,0.0007497467071934815,3945.04
syn6,0.8,subgraphx,100.0,1.0,0.7827777777777777,0.752,0.8274999999999999,0.8758197054342305,0.63,0.03,0.5800683498382568,0.03542901575565338,0.9977354407310486,8.94,3.3878,3948.0,0.9877355623100315,8.94
syn6,0.9,distance,100.0,1.0,0.5302380952380951,0.408,0.9516666666666667,0.601972067039106,0.0,0.64,-0.013474724255502224,0.5895732641220093,0.9994276165962219,2.26,0.0168,3948.0,0.03884498480243162,3794.64
syn6,0.9,gnnexplainer,100.0,1.0,0.2756085179061004,0.606,0.21667382525501896,0.6912746317927883,0.34,0.51,0.2908007800579071,0.46736085414886475,0.965430498123169,136.48,2.64,3948.0,0.9335106382978721,262.5
syn6,0.9,ig_node,100.0,1.0,0.12569444444444447,0.078,0.36590909090909096,0.37684814626714064,0.02,0.64,0.0057478733360767365,0.5883972644805908,0.676332414150238,1277.84,0.1479,3948.0,0.003150962512664616,3935.56
syn6,0.9,occlusion,100.0,1.0,0.017192493705410233,0.086,0.050263850309356546,0.06564448958862369,0.22,0.44,0.1932038515806198,0.39874371886253357,0.10670211911201477,3526.74,0.6037,3948.0,0.00027355623100307815,3946.92
syn6,0.9,pagerank,100.0,1.0,0.42304761904761917,0.314,0.9573333333333334,0.6569542915185371,0.63,0.36,0.5235813856124878,0.32676753401756287,0.9991034865379333,3.54,0.0209,3948.0,0.0005065856129685686,3946.0
syn6,0.9,pgmexplainer,100.0,1.0,0.3800480289636709,0.3760000000000001,0.5607080460389283,0.6873301168105636,0.57,0.23,0.4881383776664734,0.253974586725235,0.997218906879425,10.98,3.8762,3948.0,0.7803140830800408,867.32
syn6,0.9,random,100.0,1.0,0.005077882847395415,0.19399999999999998,0.002572677407561324,0.500879126460132,0.07,0.63,0.06097526475787163,0.5775164365768433,0.8994908332824707,396.81,0.0,3948.0,0.00025329280648433983,3947.0
syn6,0.9,sa_node,100.0,1.0,0.180224358974359,0.11199999999999999,0.5326352813852814,0.33610259014728283,0.01,0.64,-0.0144975446164608,0.5895732641220093,0.5609980225563049,1733.18,0.0027,3948.0,0.0007497467071934815,3945.04
syn6,0.9,subgraphx,100.0,1.0,0.7734444444444444,0.7439999999999999,0.8114999999999999,0.8718120873539865,0.62,0.05,0.5676558613777161,0.05298832058906555,0.9977405667304993,8.92,3.1119,3948.0,0.9777406281661609,8.92
