dataset,sparsity,explainer_name,hard_mask,num_test,f1_score,recall,precision,fidelity_acc+,fidelity_acc-,fidelity_prob+,fidelity_prob-,mask_sparsity,expl_edges,time,number_of_edges,mask_sparsity_init,non_zero_values_init
syn1,0.0,distance,False,100.0,0.005822614151863316,1.0,0.002919807532391842,0.28,0.64,0.10292523354291916,0.3580780327320099,0.010138681158423424,4068.33,0.0127,4110.0,0.010138686131386854,4068.33
syn1,0.0,distance,True,100.0,0.005822614151863316,1.0,0.002919807532391842,0.76,0.0,0.5117431879043579,0.0,0.010138681158423424,4068.33,0.0135,4110.0,0.010138686131386854,4068.33
syn1,0.0,gnnexplainer,False,100.0,0.4441573500781577,1.0,0.3289400028728593,0.56,0.56,0.29619014263153076,0.3488776385784149,0.9534306526184082,191.4,2.6306,4110.0,0.9534306569343063,191.4
syn1,0.0,gnnexplainer,True,100.0,0.4441573500781577,1.0,0.3289400028728593,0.76,0.0,0.5117431879043579,0.0,0.9534306526184082,191.4,2.7273,4110.0,0.9534306569343063,191.4
syn1,0.0,ig,False,100.0,0.005099381151219657,0.8733333333333333,0.0025571567157788868,0.35,0.64,0.04280632361769676,0.41274234652519226,0.0024866133462637663,4099.78,0.1824,4110.0,0.0024866180048661603,4099.78
syn1,0.0,ig,True,100.0,0.005099381151219657,0.8733333333333333,0.0025571567157788868,0.76,0.0,0.5117431879043579,-0.05139784887433052,0.0024866133462637663,4099.78,0.1803,4110.0,0.0024866180048661603,4099.78
syn1,0.0,occlusion,False,100.0,0.00582241630276565,1.0,0.002919708029197079,1.0,0.34,0.7200649976730347,0.006493816152215004,0.00024330615997314453,4109.0,0.4051,4110.0,0.00024330900243307862,4109.0
syn1,0.0,occlusion,True,100.0,0.00582241630276565,1.0,0.002919708029197079,0.64,0.0,0.4105982482433319,-0.08175893127918243,0.00024330615997314453,4109.0,0.3813,4110.0,0.00024330900243307862,4109.0
syn1,0.0,pagerank,False,100.0,0.005825242718446604,1.0,0.0029211295034079847,0.76,0.24,0.4903973639011383,0.08831493556499481,0.00048661231994628906,4108.0,0.0222,4110.0,0.00048661800486615725,4108.0
syn1,0.0,pagerank,True,100.0,0.005825242718446604,1.0,0.0029211295034079847,0.76,0.0,0.5117431879043579,0.0,0.00048661231994628906,4108.0,0.0192,4110.0,0.00048661800486615725,4108.0
syn1,0.0,pgmexplainer,False,100.0,0.12926164626890727,0.9883333333333333,0.07968732292739722,0.81,0.17,0.5634238123893738,0.03307982534170151,0.8516983985900879,609.52,3.5961,4110.0,0.8516982968369827,609.52
syn1,0.0,pgmexplainer,True,100.0,0.12926164626890727,0.9883333333333333,0.07968732292739722,0.76,0.0,0.5117430686950684,-0.0030957055278122425,0.8516983985900879,609.52,5.1197,4110.0,0.8516982968369827,609.52
syn1,0.0,random,False,100.0,0.00582241630276565,1.0,0.002919708029197079,0.45,0.55,0.22965721786022186,0.30210041999816895,0.00024330615997314453,4109.0,0.0001,4110.0,0.00024330900243307862,4109.0
syn1,0.0,random,True,100.0,0.00582241630276565,1.0,0.002919708029197079,0.76,0.0,0.5117431879043579,-0.0009954506531357765,0.00024330615997314453,4109.0,0.0001,4110.0,0.00024330900243307862,4109.0
syn1,0.0,sa,False,100.0,0.020878199611103643,0.8733333333333333,0.010848469724307017,0.0,1.0,-0.04134596511721611,0.6418781876564026,0.21480777859687805,3227.14,0.0032,4110.0,0.21480778588807772,3227.14
syn1,0.0,sa,True,100.0,0.020878199611103643,0.8733333333333333,0.010848469724307017,0.76,0.24,0.5037340521812439,0.20542991161346436,0.21480777859687805,3227.14,0.0029,4110.0,0.21480778588807772,3227.14
syn1,0.0,subgraphx,False,100.0,0.7669397269397268,0.7599999999999999,0.8121428571428573,0.68,0.32,0.4450083076953888,0.13580887019634247,0.9973966479301453,10.7,0.55,4110.0,0.9973965936739666,10.7
syn1,0.0,subgraphx,True,100.0,0.7669397269397268,0.7599999999999999,0.8121428571428573,0.68,0.32,0.4450083076953888,0.13580887019634247,0.9973966479301453,10.7,0.4795,4110.0,0.9973965936739666,10.7
syn1,0.7,distance,False,100.0,0.011804155334503236,1.0,0.0059371702096967195,0.28,0.64,0.10325295478105545,0.3521976172924042,0.6999997496604919,1233.0,0.0126,4110.0,0.010138686131386854,4068.33
syn1,0.7,distance,True,100.0,0.011804155334503236,1.0,0.0059371702096967195,0.76,0.0,0.5117431879043579,-0.0012853342341259122,0.6999997496604919,1233.0,0.0133,4110.0,0.010138686131386854,4068.33
syn1,0.7,gnnexplainer,False,100.0,0.4441594742759341,0.9983333333333333,0.32894114739118874,0.51,0.56,0.28516075015068054,0.34443560242652893,0.9555158019065857,182.83,5.4951,4110.0,0.9534306569343063,191.4
syn1,0.7,gnnexplainer,True,100.0,0.44417958014167214,1.0,0.32895125985822077,0.76,0.0,0.5117430686950684,-0.0003994405269622803,0.9555158019065857,182.83,5.4003,4110.0,0.9534306569343063,191.4
syn1,0.7,ig,False,100.0,0.0031211807276847027,0.24333333333333332,0.0015706691590055349,0.01,0.99,-0.05269541218876839,0.681580662727356,0.6999997496604919,1233.0,0.2795,4110.0,0.0024866180048661603,4099.78
syn1,0.7,ig,True,100.0,0.0031211807276847027,0.24333333333333332,0.0015706691590055349,0.01,0.75,-0.08216071128845215,0.5953426361083984,0.6999997496604919,1233.0,0.273,4110.0,0.0024866180048661603,4099.78
syn1,0.7,occlusion,False,100.0,0.005108798367743675,0.4066666666666666,0.0025705672566556535,0.64,0.36,0.509010910987854,0.11190396547317505,0.6999997496604919,1233.0,0.5741,4110.0,0.00024330900243307862,4109.0
syn1,0.7,occlusion,True,100.0,0.005108798367743675,0.4066666666666666,0.0025705672566556535,0.64,0.36,0.5090251564979553,0.11175522953271866,0.6999997496604919,1233.0,0.4183,4110.0,0.00024330900243307862,4109.0
syn1,0.7,pagerank,False,100.0,0.01926163723916533,1.0,0.009724473257698542,0.76,0.24,0.4903973639011383,0.08831493556499481,0.6999997496604919,1233.0,0.0234,4110.0,0.00048661800486615725,4108.0
syn1,0.7,pagerank,True,100.0,0.01926163723916533,1.0,0.009724473257698542,0.76,0.0,0.5117431879043579,-0.00011197388084838167,0.6999997496604919,1233.0,0.0198,4110.0,0.00048661800486615725,4108.0
syn1,0.7,pgmexplainer,False,100.0,0.1301701547124554,0.975,0.08014947114422605,0.81,0.17,0.5635755658149719,0.032698944211006165,0.8834185004234314,479.15,3.761,4110.0,0.8516982968369827,609.52
syn1,0.7,pgmexplainer,True,100.0,0.1301701547124554,0.975,0.08014947114422605,0.76,0.0,0.5117431879043579,-0.004261807072907686,0.8834185004234314,479.15,3.2176,4110.0,0.8516982968369827,609.52
syn1,0.7,random,False,100.0,0.005762316416101924,0.5066666666666666,0.0028976369052395885,0.32,0.67,0.14600402116775513,0.4295879304409027,0.6999997496604919,1233.0,0.0001,4110.0,0.00024330900243307862,4109.0
syn1,0.7,random,True,100.0,0.005762316416101924,0.5066666666666666,0.0028976369052395885,0.39,0.65,0.17757456004619598,0.4138329029083252,0.6999997496604919,1233.0,0.0,4110.0,0.00024330900243307862,4109.0
syn1,0.7,sa,False,100.0,0.017188879222754125,0.24,0.008998421038815292,0.0,1.0,-0.03281780704855919,0.7018595337867737,0.7464378476142883,1042.14,0.0043,4110.0,0.21480778588807772,3227.14
syn1,0.7,sa,True,100.0,0.017188879222754125,0.24,0.008998421038815292,0.0,0.76,-0.09171943366527557,0.6034626364707947,0.7464378476142883,1042.14,0.0028,4110.0,0.21480778588807772,3227.14
syn1,0.7,subgraphx,False,100.0,0.7669397269397268,0.7599999999999999,0.8121428571428573,0.68,0.32,0.4450083076953888,0.13580887019634247,0.9973966479301453,10.7,0.4916,4110.0,0.9973965936739666,10.7
syn1,0.7,subgraphx,True,100.0,0.7669397269397268,0.7599999999999999,0.8121428571428573,0.68,0.32,0.4450083076953888,0.13580887019634247,0.9973966479301453,10.7,0.6486,4110.0,0.9973965936739666,10.7
syn1,0.99,distance,False,100.0,0.30474995432323826,1.0,0.17986758305472728,0.28,0.5,0.11697050929069519,0.3086692988872528,0.9900243282318115,41.0,0.0125,4110.0,0.010138686131386854,4068.33
syn1,0.99,distance,True,100.0,0.30474995432323826,1.0,0.17986758305472728,0.76,0.01,0.5117431879043579,-0.0026002172380685806,0.9900243282318115,41.0,0.0137,4110.0,0.010138686131386854,4068.33
syn1,0.99,gnnexplainer,False,100.0,0.4356823684279756,0.7716666666666667,0.32515807147665343,0.44,0.59,0.2083432823419571,0.36123302578926086,0.9918321967124939,33.57,2.6262,4110.0,0.9534306569343063,191.4
syn1,0.99,gnnexplainer,True,100.0,0.4439093436086498,0.7983333333333333,0.3300467040802295,0.62,0.34,0.371958464384079,0.24138472974300385,0.9918321967124939,33.57,5.5205,4110.0,0.9534306569343063,191.4
syn1,0.99,ig,False,100.0,0.09207864036343735,0.24333333333333332,0.05688662835165834,0.01,0.99,-0.05297759547829628,0.6824474930763245,0.9900243282318115,41.0,0.1651,4110.0,0.0024866180048661603,4099.78
syn1,0.99,ig,True,100.0,0.09207864036343735,0.24333333333333332,0.05688662835165834,0.01,0.75,-0.08244290202856064,0.5956946015357971,0.9900243282318115,41.0,0.1407,4110.0,0.0024866180048661603,4099.78
syn1,0.99,occlusion,False,100.0,0.10492751204706366,0.4033333333333334,0.0603331993210042,0.64,0.36,0.5090110898017883,0.11190338432788849,0.9900243282318115,41.0,0.5513,4110.0,0.00024330900243307862,4109.0
syn1,0.99,occlusion,True,100.0,0.10492751204706366,0.4033333333333334,0.0603331993210042,0.64,0.36,0.5090251564979553,0.11175369471311569,0.9900243282318115,41.0,0.4629,4110.0,0.00024330900243307862,4109.0
syn1,0.99,pagerank,False,100.0,0.4444444444444445,1.0,0.2857142857142856,0.76,0.24,0.49039745330810547,0.09017055481672287,0.9900243282318115,41.0,0.0205,4110.0,0.00048661800486615725,4108.0
syn1,0.99,pagerank,True,100.0,0.4444444444444445,1.0,0.2857142857142856,0.76,0.0,0.5117431879043579,-0.004732513800263405,0.9900243282318115,41.0,0.0219,4110.0,0.00048661800486615725,4108.0
syn1,0.99,pgmexplainer,False,100.0,0.3370821943633943,0.7749999999999999,0.2173213342315157,0.69,0.35,0.4588533043861389,0.1976729929447174,0.9902847409248352,39.93,3.7724,4110.0,0.8516982968369827,609.52
syn1,0.99,pgmexplainer,True,100.0,0.3370821943633943,0.7749999999999999,0.2173213342315157,0.66,0.24,0.41888493299484253,0.15437617897987366,0.9902847409248352,39.93,3.7767,4110.0,0.8516982968369827,609.52
syn1,0.99,random,False,100.0,0.0038575393154486586,0.015,0.0022134146341463417,0.02,0.76,0.0032034465111792088,0.5117431879043579,0.9900243282318115,41.0,0.0001,4110.0,0.00024330900243307862,4109.0
syn1,0.99,random,True,100.0,0.0038575393154486586,0.015,0.0022134146341463417,0.02,0.76,0.0032269612420350313,0.5117431879043579,0.9900243282318115,41.0,0.0,4110.0,0.00024330900243307862,4109.0
syn1,0.99,sa,False,100.0,0.09466863364484907,0.24,0.059105781841014234,0.0,1.0,-0.03281780704855919,0.7024234533309937,0.9900243282318115,41.0,0.0029,4110.0,0.21480778588807772,3227.14
syn1,0.99,sa,True,100.0,0.09466863364484907,0.24,0.059105781841014234,0.0,0.76,-0.09171943366527557,0.6036243438720703,0.9900243282318115,41.0,0.0027,4110.0,0.21480778588807772,3227.14
syn1,0.99,subgraphx,False,100.0,0.7669397269397268,0.7599999999999999,0.8121428571428573,0.68,0.32,0.4450083076953888,0.13580887019634247,0.9973966479301453,10.7,0.4832,4110.0,0.9973965936739666,10.7
syn1,0.99,subgraphx,True,100.0,0.7669397269397268,0.7599999999999999,0.8121428571428573,0.68,0.32,0.445008248090744,0.13580875098705292,0.9973966479301453,10.7,0.6371,4110.0,0.9973965936739666,10.7
syn1,0.997,distance,False,100.0,0.7907500897795015,0.925,0.6966428571428572,0.41,0.57,0.1475684493780136,0.3472127616405487,0.9970800876617432,12.0,0.0204,4110.0,0.010138686131386854,4068.33
syn1,0.997,distance,True,100.0,0.7907500897795015,0.925,0.6966428571428572,0.7,0.45,0.451587975025177,0.2148778736591339,0.9970800876617432,12.0,0.0136,4110.0,0.010138686131386854,4068.33
syn1,0.997,gnnexplainer,False,100.0,0.36635414422179124,0.45833333333333337,0.3098116883116883,0.41,0.76,0.20389099419116974,0.4916486442089081,0.9970800876617432,12.0,2.5749,4110.0,0.9534306569343063,191.4
syn1,0.997,gnnexplainer,True,100.0,0.3778824786324786,0.4716666666666666,0.32015945165945164,0.42,0.53,0.23923560976982117,0.34102752804756165,0.9970800876617432,12.0,2.7616,4110.0,0.9534306569343063,191.4
syn1,0.997,ig,False,100.0,0.2025,0.2033333333333333,0.20199999999999999,0.01,0.99,-0.0547407828271389,0.6978856921195984,0.9970800876617432,12.0,0.164,4110.0,0.0024866180048661603,4099.78
syn1,0.997,ig,True,100.0,0.2025,0.2033333333333333,0.20199999999999999,0.01,0.75,-0.08465791493654251,0.6213446259498596,0.9970800876617432,12.0,0.2151,4110.0,0.0024866180048661603,4099.78
syn1,0.997,occlusion,False,100.0,0.2777450980392157,0.4033333333333334,0.21195454545454545,0.64,0.36,0.5090111494064331,0.11190345138311386,0.9970800876617432,12.0,0.4608,4110.0,0.00024330900243307862,4109.0
syn1,0.997,occlusion,True,100.0,0.2777450980392157,0.4033333333333334,0.21195454545454545,0.64,0.36,0.5090251564979553,0.11175369471311569,0.9970800876617432,12.0,0.5473,4110.0,0.00024330900243307862,4109.0
syn1,0.997,pagerank,False,100.0,0.8566666666666666,0.8566666666666666,0.8566666666666666,0.76,0.46,0.49026015400886536,0.14309161901474,0.9970800876617432,12.0,0.0249,4110.0,0.00048661800486615725,4108.0
syn1,0.997,pagerank,True,100.0,0.8566666666666666,0.8566666666666666,0.8566666666666666,0.76,0.0,0.5117431879043579,0.030566496774554253,0.9970800876617432,12.0,0.0218,4110.0,0.00048661800486615725,4108.0
syn1,0.997,pgmexplainer,False,100.0,0.5865934065934066,0.5883333333333334,0.5851785714285714,0.6,0.52,0.39201804995536804,0.29349371790885925,0.9970800876617432,12.0,3.2619,4110.0,0.8516982968369827,609.52
syn1,0.997,pgmexplainer,True,100.0,0.5865934065934066,0.5883333333333334,0.5851785714285714,0.61,0.46,0.3838330805301666,0.26012948155403137,0.9970800876617432,12.0,3.8003,4110.0,0.8516982968369827,609.52
syn1,0.997,random,False,100.0,0.0011111111111111111,0.0016666666666666666,0.0008333333333333333,0.01,0.76,0.0019624829292297363,0.5117431879043579,0.9970800876617432,12.0,0.0,4110.0,0.00024330900243307862,4109.0
syn1,0.997,random,True,100.0,0.0011111111111111111,0.0016666666666666666,0.0008333333333333333,0.01,0.76,0.00196331599727273,0.5117431879043579,0.9970800876617432,12.0,0.0001,4110.0,0.00024330900243307862,4109.0
syn1,0.997,sa,False,100.0,0.2,0.2,0.2,0.0,1.0,-0.0310721043497324,0.731026291847229,0.9970800876617432,12.0,0.0027,4110.0,0.21480778588807772,3227.14
syn1,0.997,sa,True,100.0,0.2,0.2,0.2,0.0,1.0,-0.09171946346759796,0.7135623693466187,0.9970800876617432,12.0,0.0053,4110.0,0.21480778588807772,3227.14
syn1,0.997,subgraphx,False,100.0,0.7669397269397268,0.7599999999999999,0.8121428571428573,0.63,0.39,0.40058544278144836,0.17987293004989624,0.9975863099098206,9.92,0.4831,4110.0,0.9973965936739666,10.7
syn1,0.997,subgraphx,True,100.0,0.7669397269397268,0.7599999999999999,0.8121428571428573,0.63,0.39,0.40058544278144836,0.17987293004989624,0.9975863099098206,9.92,0.5269,4110.0,0.9973965936739666,10.7
syn3,0.0,distance,False,100.0,0.009404683638723026,1.0,0.004724558307722366,0.0,0.0,-0.0018111026147380471,-0.0019444626523181796,0.006458661053329706,5047.19,0.0218,5080.0,0.0064586614173228205,5047.19
syn3,0.0,distance,True,100.0,0.009404683638723026,1.0,0.004724558307722366,0.0,0.0,0.010216278955340385,0.0,0.006458661053329706,5047.19,0.0179,5080.0,0.0064586614173228205,5047.19
syn3,0.0,gnnexplainer,False,100.0,0.710573348793224,0.9166666666666665,0.6709997919512246,0.0,0.0,0.0001683443842921406,-0.00076115014962852,0.9671772718429565,166.74,2.6189,5080.0,0.9671771653543311,166.74
syn3,0.0,gnnexplainer,True,100.0,0.710573348793224,0.9166666666666665,0.6709997919512246,0.0,0.0,0.010216278955340385,0.0,0.9671772718429565,166.74,2.7908,5080.0,0.9671771653543311,166.74
syn3,0.0,ig,False,100.0,0.008530624695062562,0.9066666666666667,0.004285472877906332,0.0,0.0,-0.001940650399774313,-0.0009262937237508595,0.00047242699656635523,5077.6,0.2606,5080.0,0.00047244094488185675,5077.6
syn3,0.0,ig,True,100.0,0.008530624695062562,0.9066666666666667,0.004285472877906332,0.0,0.0,0.010216278955340385,0.0005737781757488847,0.00047242699656635523,5077.6,0.1913,5080.0,0.00047244094488185675,5077.6
syn3,0.0,occlusion,False,100.0,0.009404388714733543,1.0,0.0047244094488188984,0.0,0.0,-0.0013067841064184904,-0.0015086352359503508,0.0005374020547606051,5077.27,0.4816,5080.0,0.0005374015748031424,5077.27
syn3,0.0,occlusion,True,100.0,0.009404388714733543,1.0,0.0047244094488188984,0.0,0.0,0.008513035252690315,-0.001864262274466455,0.0005374020547606051,5077.27,0.4129,5080.0,0.0005374015748031424,5077.27
syn3,0.0,pagerank,False,100.0,0.009410067562893445,1.0,0.004727275774513337,0.0,0.0,0.004103339742869139,-0.0019491916755214334,0.000606280576903373,5076.92,0.029,5080.0,0.0006062992125984157,5076.92
syn3,0.0,pagerank,True,100.0,0.009410067562893445,1.0,0.004727275774513337,0.0,0.0,0.010216278955340385,0.0,0.000606280576903373,5076.92,0.0291,5080.0,0.0006062992125984157,5076.92
syn3,0.0,pgmexplainer,False,100.0,0.5476059495404095,0.9658333333333334,0.4782087341075792,0.0,0.0,-0.00118890346493572,-0.0019415538990870118,0.925885796546936,376.5,4.9047,5080.0,0.9258858267716538,376.5
syn3,0.0,pgmexplainer,True,100.0,0.5476059495404095,0.9658333333333334,0.4782087341075792,0.0,0.0,0.010216278955340385,-0.00021720885706599802,0.925885796546936,376.5,5.745,5080.0,0.9258858267716538,376.5
syn3,0.0,random,False,100.0,0.009404388714733543,1.0,0.0047244094488188984,0.0,0.0,-0.0019047087989747524,-0.0019022822380065918,0.00019687414169311523,5079.0,0.0001,5080.0,0.00019685039370076485,5079.0
syn3,0.0,random,True,100.0,0.009404388714733543,1.0,0.0047244094488188984,0.0,0.0,0.010216278955340385,-3.502965000734548e-06,0.00019687414169311523,5079.0,0.0001,5080.0,0.00019685039370076485,5079.0
syn3,0.0,sa,False,100.0,0.008374195664455209,0.8899999999999999,0.004206889584281551,0.0,0.0,-0.0019406932406127453,0.0003835958195850253,0.0005314821028150618,5077.3,0.0031,5080.0,0.0005314960629920995,5077.3
syn3,0.0,sa,True,100.0,0.008374195664455209,0.8899999999999999,0.004206889584281551,0.0,0.0,0.008271584287285805,-0.00031681120162829757,0.0005314821028150618,5077.3,0.0042,5080.0,0.0005314960629920995,5077.3
syn3,0.0,subgraphx,False,100.0,0.6670868376474783,0.5741666666666666,0.8438568653568654,0.0,0.0,0.009146465919911861,-0.0012140297330915928,0.9969409108161926,15.54,1.3704,5080.0,0.9969409448818901,15.54
syn3,0.0,subgraphx,True,100.0,0.6670868376474783,0.5741666666666666,0.8438568653568654,0.0,0.0,0.009146465919911861,-0.0012140297330915928,0.9969409108161926,15.54,1.5591,5080.0,0.9969409448818901,15.54
syn3,0.7,distance,False,100.0,0.020219861556524853,1.0,0.010213364458553822,0.0,0.0,-0.0018076139967888594,-0.001944664167240262,0.6999997496604919,1524.0,0.0171,5080.0,0.0064586614173228205,5047.19
syn3,0.7,distance,True,100.0,0.020219861556524853,1.0,0.010213364458553822,0.0,0.0,0.010216278955340385,-0.00037600277573801577,0.6999997496604919,1524.0,0.0183,5080.0,0.0064586614173228205,5047.19
syn3,0.7,gnnexplainer,False,100.0,0.7105703509250105,0.9149999999999998,0.6709984334360055,0.0,0.0,-0.00010371148528065532,-0.0005573374219238758,0.9694371223449707,155.26,2.6142,5080.0,0.9671771653543311,166.74
syn3,0.7,gnnexplainer,True,100.0,0.7106052757229553,0.9166666666666665,0.6710160803137737,0.0,0.0,0.010094709694385529,-5.6695938837947324e-05,0.9694371223449707,155.26,2.7137,5080.0,0.9671771653543311,166.74
syn3,0.7,ig,False,100.0,0.0,0.0,0.0,0.0,0.0,-0.00031337261316366494,0.010216278955340385,0.6999997496604919,1524.0,0.2996,5080.0,0.0004960629921259552,5077.48
syn3,0.7,ig,True,100.0,0.0,0.0,0.0,0.0,0.0,-0.0003140241024084389,0.010216278955340385,0.6999997496604919,1524.0,0.3017,5080.0,0.0004960629921259552,5077.48
syn3,0.7,occlusion,False,100.0,0.0011161846057362768,0.04666666666666667,0.0005648582534634298,0.0,0.0,0.0,0.010216278955340385,0.6999997496604919,1524.0,0.5155,5080.0,0.0005374015748031424,5077.27
syn3,0.7,occlusion,True,100.0,0.0011161846057362768,0.04666666666666667,0.0005648582534634298,0.0,0.0,0.0,0.010216278955340385,0.6999997496604919,1524.0,0.5057,5080.0,0.0005374015748031424,5077.27
syn3,0.7,pagerank,False,100.0,0.0310077519379845,1.0,0.015748031496062992,0.0,0.0,0.004103354178369045,-0.0019491916755214334,0.6999997496604919,1524.0,0.0256,5080.0,0.0006062992125984157,5076.92
syn3,0.7,pagerank,True,100.0,0.0310077519379845,1.0,0.015748031496062992,0.0,0.0,0.010216278955340385,-2.4997592845465988e-05,0.6999997496604919,1524.0,0.0279,5080.0,0.0006062992125984157,5076.92
syn3,0.7,pgmexplainer,False,100.0,0.5479353572749193,0.9458333333333334,0.47838099124829525,0.0,0.0,-0.0011840695515275002,-0.0019408231601119041,0.9413148760795593,298.12,4.7005,5080.0,0.9258858267716538,376.5
syn3,0.7,pgmexplainer,True,100.0,0.5479353572749193,0.9458333333333334,0.47838099124829525,0.0,0.0,0.010216278955340385,-0.0007674485677853227,0.9413148760795593,298.12,6.521,5080.0,0.9258858267716538,376.5
syn3,0.7,random,False,100.0,0.009453029975487996,0.5141666666666667,0.004770369887901922,0.0,0.0,-0.0017749392427504063,0.0026074452325701714,0.6999997496604919,1524.0,0.0001,5080.0,0.00019685039370076485,5079.0
syn3,0.7,random,True,100.0,0.009453029975487996,0.5141666666666667,0.004770369887901922,0.0,0.0,-0.0015728049911558628,0.002618132159113884,0.6999997496604919,1524.0,0.0001,5080.0,0.00019685039370076485,5079.0
syn3,0.7,sa,False,100.0,0.0,0.0,0.0,0.0,0.0,-5.3153635235503316e-05,0.010216278955340385,0.6999997496604919,1524.0,0.0036,5080.0,0.0005314960629920995,5077.3
syn3,0.7,sa,True,100.0,0.0,0.0,0.0,0.0,0.0,-5.3153635235503316e-05,0.010216278955340385,0.6999997496604919,1524.0,0.0041,5080.0,0.0005314960629920995,5077.3
syn3,0.7,subgraphx,False,100.0,0.6670868376474783,0.5741666666666666,0.8438568653568654,0.0,0.0,0.009146465919911861,-0.0012140297330915928,0.9969409108161926,15.54,1.9075,5080.0,0.9969409448818901,15.54
syn3,0.7,subgraphx,True,100.0,0.6670868376474783,0.5741666666666666,0.8438568653568654,0.0,0.0,0.009146465919911861,-0.0012140297330915928,0.9969409108161926,15.54,1.5981,5080.0,0.9969409448818901,15.54
syn3,0.99,distance,False,100.0,0.4579040232309922,0.9333333333333332,0.30408187508285417,0.0,0.0,-0.001731841010041535,-0.0019451933912932873,0.9901574850082397,50.0,0.0258,5080.0,0.0064586614173228205,5047.19
syn3,0.99,distance,True,100.0,0.4579040232309922,0.9333333333333332,0.30408187508285417,0.0,0.0,0.010216278955340385,-0.0017297285376116633,0.9901574850082397,50.0,0.0175,5080.0,0.0064586614173228205,5047.19
syn3,0.99,gnnexplainer,False,100.0,0.7083940676598455,0.8016666666666667,0.6710888745865963,0.0,0.0,0.0010143310064449906,0.001344437012448907,0.9933937788009644,33.56,2.6285,5080.0,0.9671771653543311,166.74
syn3,0.99,gnnexplainer,True,100.0,0.7067278471918053,0.7958333333333333,0.6702905889599761,0.0,0.0,0.008904051966965199,0.00024665772798471153,0.9933937788009644,33.56,2.6086,5080.0,0.9671771653543311,166.74
syn3,0.99,ig,False,100.0,0.0,0.0,0.0,0.0,0.0,-0.00028510569245554507,0.010216278955340385,0.9901574850082397,50.0,0.2138,5080.0,0.00047244094488185675,5077.6
syn3,0.99,ig,True,100.0,0.0,0.0,0.0,0.0,0.0,-0.0002855837228707969,0.010216278955340385,0.9901574850082397,50.0,0.1992,5080.0,0.00047244094488185675,5077.6
syn3,0.99,occlusion,False,100.0,0.0008695652173913045,0.0016666666666666666,0.000588235294117647,0.0,0.0,0.0,0.010216278955340385,0.9901574850082397,50.0,0.5013,5080.0,0.0005374015748031424,5077.27
syn3,0.99,occlusion,True,100.0,0.0008695652173913045,0.0016666666666666666,0.000588235294117647,0.0,0.0,0.0,0.010216278955340385,0.9901574850082397,50.0,0.4056,5080.0,0.0005374015748031424,5077.27
syn3,0.99,pagerank,False,100.0,0.6427311522048365,0.9916666666666666,0.47544615384615385,0.0,0.0,0.004107204265892506,-0.0019492137944325805,0.9901574850082397,50.0,0.0291,5080.0,0.0006062992125984157,5076.92
syn3,0.99,pagerank,True,100.0,0.6427311522048365,0.9916666666666666,0.47544615384615385,0.0,0.0,0.010216278955340385,-0.0013631802285090089,0.9901574850082397,50.0,0.0288,5080.0,0.0006062992125984157,5076.92
syn3,0.99,pgmexplainer,False,100.0,0.5896297330893314,0.7366666666666665,0.5178312126585675,0.0,0.0,-0.0008588117198087275,-0.0018177151214331388,0.9921062588691711,40.1,5.3385,5080.0,0.9258858267716538,376.5
syn3,0.99,pgmexplainer,True,100.0,0.5896297330893314,0.7366666666666665,0.5178312126585675,0.0,0.0,0.00895099900662899,-0.001591073232702911,0.9921062588691711,40.1,5.2615,5080.0,0.9258858267716538,376.5
syn3,0.99,random,False,100.0,0.008424290498854221,0.021666666666666664,0.00522874149659864,0.0,0.0,-0.0002361917431699112,0.009851302020251751,0.9901574850082397,50.0,0.0001,5080.0,0.00019685039370076485,5079.0
syn3,0.99,random,True,100.0,0.008424290498854221,0.021666666666666664,0.00522874149659864,0.0,0.0,-0.00023674190742895007,0.009851297363638878,0.9901574850082397,50.0,0.0001,5080.0,0.00019685039370076485,5079.0
syn3,0.99,sa,False,100.0,0.0,0.0,0.0,0.0,0.0,-3.8765072531532496e-05,0.010216278955340385,0.9901574850082397,50.0,0.004,5080.0,0.0005314960629920995,5077.3
syn3,0.99,sa,True,100.0,0.0,0.0,0.0,0.0,0.0,-3.8765072531532496e-05,0.010216278955340385,0.9901574850082397,50.0,0.004,5080.0,0.0005314960629920995,5077.3
syn3,0.99,subgraphx,False,100.0,0.6670868376474783,0.5741666666666666,0.8438568653568654,0.0,0.0,0.009146465919911861,-0.0012140297330915928,0.9969409108161926,15.54,1.6394,5080.0,0.9969409448818901,15.54
syn3,0.99,subgraphx,True,100.0,0.6670868376474783,0.5741666666666666,0.8438568653568654,0.0,0.0,0.009146465919911861,-0.0012140297330915928,0.9969409108161926,15.54,2.3327,5080.0,0.9969409448818901,15.54
syn3,0.997,distance,False,100.0,0.7703710222145007,0.7233333333333334,0.8295948495948496,0.0,0.0,-0.0016324067255482078,-0.0018156743608415127,0.9970473647117615,15.0,0.0182,5080.0,0.0064586614173228205,5047.19
syn3,0.997,distance,True,100.0,0.7703710222145007,0.7233333333333334,0.8295948495948496,0.0,0.0,0.008895440958440304,-0.0016566169215366244,0.9970473647117615,15.0,0.0219,5080.0,0.0064586614173228205,5047.19
syn3,0.997,gnnexplainer,False,100.0,0.6245614797440884,0.5933333333333334,0.664979464979465,0.0,0.0,0.00029101251857355237,0.0015924549661576748,0.9970473647117615,15.0,3.056,5080.0,0.9671771653543311,166.74
syn3,0.997,gnnexplainer,True,100.0,0.6257547552286682,0.5925,0.6680158175158175,0.0,0.0,0.0018676072359085083,0.0015080469893291593,0.9970473647117615,15.0,2.6104,5080.0,0.9671771653543311,166.74
syn3,0.997,ig,False,100.0,0.0,0.0,0.0,0.0,0.0,-0.00015959501615725458,0.010216278955340385,0.9970473647117615,15.0,0.201,5080.0,0.00047244094488185675,5077.6
syn3,0.997,ig,True,100.0,0.0,0.0,0.0,0.0,0.0,-0.00015978992450982332,0.010216278955340385,0.9970473647117615,15.0,0.1595,5080.0,0.00047244094488185675,5077.6
syn3,0.997,occlusion,False,100.0,0.0,0.0,0.0,0.0,0.0,0.0,0.010216278955340385,0.9970473647117615,15.0,0.4009,5080.0,0.0005374015748031424,5077.27
syn3,0.997,occlusion,True,100.0,0.0,0.0,0.0,0.0,0.0,0.0,0.010216278955340385,0.9970473647117615,15.0,0.414,5080.0,0.0005374015748031424,5077.27
syn3,0.997,pagerank,False,100.0,0.763,0.6358333333333334,0.95375,0.0,0.0,0.004331441130489111,-0.001950064324773848,0.9970473647117615,15.0,0.0253,5080.0,0.0006062992125984157,5076.92
syn3,0.997,pagerank,True,100.0,0.763,0.6358333333333334,0.95375,0.0,0.0,0.010216278955340385,-0.0019412279361858964,0.9970473647117615,15.0,0.0326,5080.0,0.0006062992125984157,5076.92
syn3,0.997,pgmexplainer,False,100.0,0.5456753246753246,0.45500000000000007,0.6815833333333333,0.0,0.0,-0.00044782221084460616,-0.0013307470362633467,0.9970473647117615,15.0,5.2394,5080.0,0.9258858267716538,376.5
syn3,0.997,pgmexplainer,True,100.0,0.5456753246753246,0.45500000000000007,0.6815833333333333,0.0,0.0,0.007488974370062351,-0.0012852716026827693,0.9970473647117615,15.0,5.2702,5080.0,0.9258858267716538,376.5
syn3,0.997,random,False,100.0,0.005925925925925926,0.006666666666666666,0.005333333333333334,0.0,0.0,-0.00012260257790330797,0.010216278955340385,0.9970473647117615,15.0,0.0001,5080.0,0.00019685039370076485,5079.0
syn3,0.997,random,True,100.0,0.005925925925925926,0.006666666666666666,0.005333333333333334,0.0,0.0,-0.000122661585919559,0.010216278955340385,0.9970473647117615,15.0,0.0001,5080.0,0.00019685039370076485,5079.0
syn3,0.997,sa,False,100.0,0.0,0.0,0.0,0.0,0.0,-5.159974080015672e-06,0.010216278955340385,0.9970473647117615,15.0,0.0032,5080.0,0.0005314960629920995,5077.3
syn3,0.997,sa,True,100.0,0.0,0.0,0.0,0.0,0.0,-5.159974080015672e-06,0.010216278955340385,0.9970473647117615,15.0,0.0036,5080.0,0.0005314960629920995,5077.3
syn3,0.997,subgraphx,False,100.0,0.6482264323522905,0.5375,0.8486031746031745,0.0,0.0,0.006594432517886162,-0.000973511952906847,0.9974902272224426,12.75,1.6881,5080.0,0.9969409448818901,15.54
syn3,0.997,subgraphx,True,100.0,0.6482264323522905,0.5375,0.8486031746031745,0.0,0.0,0.006594432517886162,-0.000973511952906847,0.9974902272224426,12.75,1.959,5080.0,0.9969409448818901,15.54
syn4,0.0,distance,False,100.0,0.012320328542094458,1.0,0.0061983471074380184,1.0,1.0,0.9608341455459595,0.9628869891166687,0.004721073433756828,1926.86,0.0111,1936.0,0.004721074380165288,1926.86
syn4,0.0,distance,True,100.0,0.012320328542094458,1.0,0.0061983471074380184,1.0,0.0,0.9630500674247742,0.0,0.004721073433756828,1926.86,0.0073,1936.0,0.004721074380165288,1926.86
syn4,0.0,gnnexplainer,False,100.0,0.7953054350041158,1.0,0.6812147509353391,1.0,1.0,0.9467237591743469,0.9533898234367371,0.9900826215744019,19.2,2.5592,1936.0,0.990082644628099,19.2
syn4,0.0,gnnexplainer,True,100.0,0.7953054350041158,1.0,0.6812147509353391,1.0,0.0,0.9630500674247742,0.0,0.9900826215744019,19.2,2.6709,1936.0,0.990082644628099,19.2
syn4,0.0,ig,False,100.0,0.6503668547299968,1.0,0.5046313094095536,1.0,0.21,0.9630475640296936,0.22095483541488647,0.9855785369873047,27.92,0.149,1936.0,0.985578512396694,27.92
syn4,0.0,ig,True,100.0,0.6503668547299968,1.0,0.5046313094095536,1.0,0.0,0.9630500674247742,0.0,0.9855785369873047,27.92,0.1663,1936.0,0.985578512396694,27.92
syn4,0.0,occlusion,False,100.0,0.012320328542094458,1.0,0.0061983471074380184,0.93,1.0,0.8906551599502563,0.9601863026618958,0.0010898864129558206,1933.89,0.0746,1936.0,0.0010898760330578217,1933.89
syn4,0.0,occlusion,True,100.0,0.012320328542094458,1.0,0.0061983471074380184,1.0,0.46,0.9630560278892517,0.39203643798828125,0.0011208784999325871,1933.83,0.0627,1936.0,0.001120867768595013,1933.83
syn4,0.0,pagerank,False,100.0,0.012335656070136529,1.0,0.006206106240345463,1.0,0.7,0.9630517363548279,0.6337813138961792,0.0012500113807618618,1933.58,0.0124,1936.0,0.0012499999999999833,1933.58
syn4,0.0,pagerank,True,100.0,0.012335656070136529,1.0,0.006206106240345463,1.0,0.0,0.9630500674247742,0.0,0.0012500113807618618,1933.58,0.013,1936.0,0.0012499999999999833,1933.58
syn4,0.0,pgmexplainer,False,100.0,0.6503668547299968,1.0,0.5046313094095536,1.0,0.0,0.9630444049835205,-0.019122112542390823,0.9855785369873047,27.92,6.2907,1936.0,0.985578512396694,27.92
syn4,0.0,pgmexplainer,True,100.0,0.6503668547299968,1.0,0.5046313094095536,1.0,0.0,0.9630500674247742,0.0,0.9855785369873047,27.92,4.4684,1936.0,0.985578512396694,27.92
syn4,0.0,random,False,100.0,0.012320328542094458,1.0,0.0061983471074380184,0.98,1.0,0.9308033585548401,0.9528574347496033,0.0005165338516235352,1935.0,0.0001,1936.0,0.0005165289256198191,1935.0
syn4,0.0,random,True,100.0,0.012320328542094458,1.0,0.0061983471074380184,1.0,0.0,0.9630500674247742,0.0,0.0005165338516235352,1935.0,0.0,1936.0,0.0005165289256198191,1935.0
syn4,0.0,sa,False,100.0,0.010836476552986762,0.8783333333333333,0.005451869635738852,0.98,0.91,0.9375282526016235,0.8203580975532532,0.0013946413528174162,1933.3,0.0033,1936.0,0.0013946280991735383,1933.3
syn4,0.0,sa,True,100.0,0.010836476552986762,0.8783333333333333,0.005451869635738852,1.0,0.5,0.9630500674247742,0.4089498817920685,0.0013946413528174162,1933.3,0.0054,1936.0,0.0013946280991735383,1933.3
syn4,0.0,subgraphx,False,100.0,0.7225454545454545,0.615,0.88,1.0,1.0,0.9630500674247742,0.9601261615753174,0.9956094622612,8.5,0.2385,1936.0,0.9956095041322329,8.5
syn4,0.0,subgraphx,True,100.0,0.7225454545454545,0.615,0.88,1.0,1.0,0.9630500674247742,0.9601261615753174,0.9956094622612,8.5,0.3455,1936.0,0.9956095041322329,8.5
syn4,0.7,distance,False,100.0,0.03501631298544833,1.0,0.01782044163840004,1.0,1.0,0.9608341455459595,0.9628869891166687,0.7004133462905884,580.0,0.0078,1936.0,0.004721074380165288,1926.86
syn4,0.7,distance,True,100.0,0.03501631298544833,1.0,0.01782044163840004,1.0,0.0,0.9630500674247742,0.0,0.7004133462905884,580.0,0.0088,1936.0,0.004721074380165288,1926.86
syn4,0.7,gnnexplainer,False,100.0,0.7953054350041158,1.0,0.6812147509353391,1.0,0.99,0.9391474723815918,0.9417444467544556,0.9900826215744019,19.2,3.0621,1936.0,0.990082644628099,19.2
syn4,0.7,gnnexplainer,True,100.0,0.7953054350041158,1.0,0.6812147509353391,1.0,0.0,0.9630500674247742,0.0,0.9900826215744019,19.2,2.5718,1936.0,0.990082644628099,19.2
syn4,0.7,ig,False,100.0,0.6503668547299968,1.0,0.5046313094095536,1.0,0.21,0.9630475640296936,0.22095483541488647,0.9855785369873047,27.92,0.1462,1936.0,0.985578512396694,27.92
syn4,0.7,ig,True,100.0,0.6503668547299968,1.0,0.5046313094095536,1.0,0.0,0.9630500674247742,0.0,0.9855785369873047,27.92,0.1676,1936.0,0.985578512396694,27.92
syn4,0.7,occlusion,False,100.0,0.023794714066836108,0.7816666666666667,0.012081242366116598,0.95,1.0,0.8972530961036682,0.9616726636886597,0.7004133462905884,580.0,0.0574,1936.0,0.001120867768595013,1933.83
syn4,0.7,occlusion,True,100.0,0.023794714066836108,0.7816666666666667,0.012081242366116598,1.0,0.86,0.9625153541564941,0.7972058653831482,0.7004133462905884,580.0,0.0558,1936.0,0.001120867768595013,1933.83
syn4,0.7,pagerank,False,100.0,0.0405173355173355,1.0,0.0206775684322787,1.0,0.7,0.9630517363548279,0.6337813138961792,0.7004133462905884,580.0,0.014,1936.0,0.0012499999999999833,1933.58
syn4,0.7,pagerank,True,100.0,0.0405173355173355,1.0,0.0206775684322787,1.0,0.0,0.9630500674247742,0.0,0.7004133462905884,580.0,0.0138,1936.0,0.0012499999999999833,1933.58
syn4,0.7,pgmexplainer,False,100.0,0.6503668547299968,1.0,0.5046313094095536,1.0,0.0,0.9630444049835205,-0.019122125580906868,0.9855785369873047,27.92,4.0967,1936.0,0.985578512396694,27.92
syn4,0.7,pgmexplainer,True,100.0,0.6503668547299968,1.0,0.5046313094095536,1.0,0.0,0.9630500674247742,0.0,0.9855785369873047,27.92,4.1914,1936.0,0.985578512396694,27.92
syn4,0.7,random,False,100.0,0.011187632625839694,0.4649999999999999,0.00566194049679561,0.68,1.0,0.6412705183029175,0.9627889394760132,0.7004133462905884,580.0,0.0,1936.0,0.0005165289256198191,1935.0
syn4,0.7,random,True,100.0,0.011187632625839694,0.4649999999999999,0.00566194049679561,0.88,1.0,0.8259324431419373,0.9628918170928955,0.7004133462905884,580.0,0.0,1936.0,0.0005165289256198191,1935.0
syn4,0.7,sa,False,100.0,0.016409463796189547,0.5366666666666666,0.008332117019629028,0.73,1.0,0.7099449634552002,0.8933454155921936,0.7004133462905884,580.0,0.0033,1936.0,0.0013946280991735383,1933.3
syn4,0.7,sa,True,100.0,0.016409463796189547,0.5366666666666666,0.008332117019629028,0.73,0.71,0.7099764943122864,0.6626020073890686,0.7004133462905884,580.0,0.0036,1936.0,0.0013946280991735383,1933.3
syn4,0.7,subgraphx,False,100.0,0.7225454545454545,0.615,0.88,1.0,1.0,0.9630500674247742,0.9601261615753174,0.9956094622612,8.5,0.2721,1936.0,0.9956095041322329,8.5
syn4,0.7,subgraphx,True,100.0,0.7225454545454545,0.615,0.88,1.0,1.0,0.9630500674247742,0.9601261615753174,0.9956094622612,8.5,0.2591,1936.0,0.9956095041322329,8.5
syn4,0.99,distance,False,100.0,0.6795096073517126,0.985,0.5199716949716949,1.0,1.0,0.957838773727417,0.9628936648368835,0.9901859164237976,19.0,0.0096,1936.0,0.004721074380165288,1926.86
syn4,0.99,distance,True,100.0,0.6795096073517126,0.985,0.5199716949716949,1.0,0.43,0.9630500674247742,0.3781338036060333,0.9901859164237976,19.0,0.0072,1936.0,0.004721074380165288,1926.86
syn4,0.99,gnnexplainer,False,100.0,0.7951894082869316,0.9833333333333334,0.683974358974359,0.99,0.99,0.9313413500785828,0.9411542415618896,0.9913171529769897,16.81,2.6034,1936.0,0.990082644628099,19.2
syn4,0.99,gnnexplainer,True,100.0,0.7949392262364399,0.9816666666666667,0.6842563270063269,1.0,0.26,0.962984561920166,0.23013359308242798,0.9913171529769897,16.81,2.6414,1936.0,0.990082644628099,19.2
syn4,0.99,ig,False,100.0,0.7689201680672269,0.9966666666666667,0.6307164502164502,1.0,0.27,0.9630470871925354,0.26538190245628357,0.9905784726142883,18.24,0.222,1936.0,0.985578512396694,27.92
syn4,0.99,ig,True,100.0,0.7689201680672269,0.9966666666666667,0.6307164502164502,1.0,0.09,0.9630500674247742,0.08441796898841858,0.9905784726142883,18.24,0.1858,1936.0,0.985578512396694,27.92
syn4,0.99,occlusion,False,100.0,0.4904384177913588,0.7783333333333334,0.3585397935397935,0.96,1.0,0.9022964239120483,0.9616516828536987,0.9901859164237976,19.0,0.0635,1936.0,0.001120867768595013,1933.83
syn4,0.99,occlusion,True,100.0,0.4904384177913588,0.7783333333333334,0.3585397935397935,1.0,0.86,0.962513267993927,0.8020694851875305,0.9901859164237976,19.0,0.068,1936.0,0.001120867768595013,1933.83
syn4,0.99,pagerank,False,100.0,0.7475,0.9966666666666667,0.598,1.0,0.77,0.9630516171455383,0.7010679841041565,0.9901859164237976,19.0,0.0113,1936.0,0.0012499999999999833,1933.58
syn4,0.99,pagerank,True,100.0,0.7475,0.9966666666666667,0.598,1.0,0.11,0.9630500674247742,0.09482315927743912,0.9901859164237976,19.0,0.016,1936.0,0.0012499999999999833,1933.58
syn4,0.99,pgmexplainer,False,100.0,0.7758319327731092,1.0,0.6381709956709956,1.0,0.01,0.9630249738693237,-0.007697286084294319,0.9905784726142883,18.24,3.8948,1936.0,0.985578512396694,27.92
syn4,0.99,pgmexplainer,True,100.0,0.7758319327731092,1.0,0.6381709956709956,1.0,0.04,0.9630339741706848,0.01143384538590908,0.9905784726142883,18.24,3.9743,1936.0,0.985578512396694,27.92
syn4,0.99,random,False,100.0,0.0096,0.02,0.00631578947368421,0.08,1.0,0.06443878263235092,0.9630515575408936,0.9901859164237976,19.0,0.0,1936.0,0.0005165289256198191,1935.0
syn4,0.99,random,True,100.0,0.0096,0.02,0.00631578947368421,0.08,1.0,0.0648563876748085,0.9630515575408936,0.9901859164237976,19.0,0.0,1936.0,0.0005165289256198191,1935.0
syn4,0.99,sa,False,100.0,0.3759042827657379,0.5366666666666666,0.2896293706293706,0.73,1.0,0.7099449634552002,0.8933454155921936,0.9901859164237976,19.0,0.0028,1936.0,0.0013946280991735383,1933.3
syn4,0.99,sa,True,100.0,0.3759042827657379,0.5366666666666666,0.2896293706293706,0.73,0.71,0.7099764943122864,0.6626020073890686,0.9901859164237976,19.0,0.0031,1936.0,0.0013946280991735383,1933.3
syn4,0.99,subgraphx,False,100.0,0.7225454545454545,0.615,0.88,1.0,1.0,0.9630500674247742,0.9601261615753174,0.9956094622612,8.5,0.2882,1936.0,0.9956095041322329,8.5
syn4,0.99,subgraphx,True,100.0,0.7225454545454545,0.615,0.88,1.0,1.0,0.9630500674247742,0.9601261615753174,0.9956094622612,8.5,0.2436,1936.0,0.9956095041322329,8.5
syn4,0.997,distance,False,100.0,0.6560404040404041,0.5283333333333333,0.8833333333333334,0.91,1.0,0.8600114583969116,0.9630995988845825,0.9974172115325928,5.0,0.0077,1936.0,0.004721074380165288,1926.86
syn4,0.997,distance,True,100.0,0.6560404040404041,0.5283333333333333,0.8833333333333334,0.99,1.0,0.9460480213165283,0.7913399338722229,0.9974172115325928,5.0,0.0127,1936.0,0.004721074380165288,1926.86
syn4,0.997,gnnexplainer,False,100.0,0.5641212121212121,0.485,0.6829999999999999,0.88,1.0,0.8069343566894531,0.9629829525947571,0.9974172115325928,5.0,2.6286,1936.0,0.990082644628099,19.2
syn4,0.997,gnnexplainer,True,100.0,0.5579595959595959,0.48499999999999993,0.6651666666666664,0.89,1.0,0.8391034007072449,0.9629082679748535,0.9974172115325928,5.0,2.6367,1936.0,0.990082644628099,19.2
syn4,0.997,ig,False,100.0,0.6177777777777778,0.4633333333333334,0.9266666666666667,1.0,0.96,0.9623109698295593,0.7670789957046509,0.9974172115325928,5.0,0.1769,1936.0,0.985578512396694,27.92
syn4,0.997,ig,True,100.0,0.6177777777777778,0.4633333333333334,0.9266666666666667,1.0,1.0,0.9624181985855103,0.7909494042396545,0.9974172115325928,5.0,0.1667,1936.0,0.985578512396694,27.92
syn4,0.997,occlusion,False,100.0,0.6826060606060607,0.5483333333333333,0.9194999999999999,0.98,1.0,0.9431595802307129,0.959098756313324,0.9974172115325928,5.0,0.0633,1936.0,0.001120867768595013,1933.83
syn4,0.997,occlusion,True,100.0,0.6826060606060607,0.5483333333333333,0.9194999999999999,1.0,1.0,0.962809145450592,0.9629331231117249,0.9974172115325928,5.0,0.0795,1936.0,0.001120867768595013,1933.83
syn4,0.997,pagerank,False,100.0,0.6177777777777778,0.4633333333333334,0.9266666666666667,1.0,1.0,0.9628131985664368,0.7612672448158264,0.9974172115325928,5.0,0.0161,1936.0,0.0012499999999999833,1933.58
syn4,0.997,pagerank,True,100.0,0.6177777777777778,0.4633333333333334,0.9266666666666667,1.0,1.0,0.9628291130065918,0.780485212802887,0.9974172115325928,5.0,0.0159,1936.0,0.0012499999999999833,1933.58
syn4,0.997,pgmexplainer,False,100.0,0.6457777777777778,0.485,0.9666666666666666,0.92,1.0,0.8819811344146729,0.8994028568267822,0.9974172115325928,5.0,6.3517,1936.0,0.985578512396694,27.92
syn4,0.997,pgmexplainer,True,100.0,0.6457777777777778,0.485,0.9666666666666666,0.92,1.0,0.8819809556007385,0.8994029760360718,0.9974172115325928,5.0,6.1061,1936.0,0.985578512396694,27.92
syn4,0.997,random,False,100.0,0.003636363636363636,0.003333333333333333,0.004,0.02,1.0,0.016703665256500244,0.9630510210990906,0.9974172115325928,5.0,0.0,1936.0,0.0005165289256198191,1935.0
syn4,0.997,random,True,100.0,0.003636363636363636,0.003333333333333333,0.004,0.02,1.0,0.016703380271792412,0.9630510210990906,0.9974172115325928,5.0,0.0,1936.0,0.0005165289256198191,1935.0
syn4,0.997,sa,False,100.0,0.3755555555555554,0.2816666666666667,0.5633333333333334,0.69,1.0,0.6579246520996094,0.8994866013526917,0.9974172115325928,5.0,0.0028,1936.0,0.0013946280991735383,1933.3
syn4,0.997,sa,True,100.0,0.3755555555555554,0.2816666666666667,0.5633333333333334,0.69,1.0,0.6584696769714355,0.9067138433456421,0.9974172115325928,5.0,0.0035,1936.0,0.0013946280991735383,1933.3
syn4,0.997,subgraphx,False,100.0,0.6545252525252526,0.5166666666666666,0.9068333333333333,1.0,1.0,0.9393754601478577,0.9591165781021118,0.9974172115325928,5.0,0.2794,1936.0,0.9956095041322329,8.5
syn4,0.997,subgraphx,True,100.0,0.6545252525252526,0.5166666666666666,0.9068333333333333,1.0,1.0,0.9393754601478577,0.9591165781021118,0.9974172115325928,5.0,0.2997,1936.0,0.9956095041322329,8.5
syn5,0.0,distance,False,100.0,0.013978031287291628,1.0,0.007038205774234851,1.0,1.0,0.8284029960632324,0.8581036925315857,0.0012316703796386719,3405.8,0.0132,3410.0,0.001231671554252215,3405.8
syn5,0.0,distance,True,100.0,0.013978031287291628,1.0,0.007038205774234851,1.0,0.0,0.8637152314186096,0.0,0.0012316703796386719,3405.8,0.0121,3410.0,0.001231671554252215,3405.8
syn5,0.0,gnnexplainer,False,100.0,0.7444155619849685,0.9349999999999998,0.642921172717368,1.0,1.0,0.8496526479721069,0.8507982492446899,0.988639235496521,38.74,2.8353,3410.0,0.9886392961876832,38.74
syn5,0.0,gnnexplainer,True,100.0,0.7444155619849685,0.9349999999999998,0.642921172717368,1.0,0.0,0.8637152314186096,0.0,0.988639235496521,38.74,2.6492,3410.0,0.9886392961876832,38.74
syn5,0.0,ig,False,100.0,0.430528851545911,1.0,0.3342889508816215,1.0,0.99,0.862637996673584,0.7872387766838074,0.6316070556640625,1256.22,0.2507,3410.0,0.6316070381231671,1256.22
syn5,0.0,ig,True,100.0,0.430528851545911,1.0,0.3342889508816215,1.0,0.0,0.8637152314186096,0.0,0.6316070556640625,1256.22,0.1786,3410.0,0.6316070381231671,1256.22
syn5,0.0,occlusion,False,100.0,0.7444155619849685,0.9349999999999998,0.642921172717368,1.0,0.9,0.8627068400382996,0.7704258561134338,0.988639235496521,38.74,0.1592,3410.0,0.9886392961876832,38.74
syn5,0.0,occlusion,True,100.0,0.7444155619849685,0.9349999999999998,0.642921172717368,1.0,0.0,0.8637152314186096,0.0,0.988639235496521,38.74,0.1789,3410.0,0.9886392961876832,38.74
syn5,0.0,pagerank,False,100.0,0.01399205219527604,1.0,0.007045315322919881,1.0,1.0,0.8637185096740723,0.85808265209198,0.0010205268627032638,3406.52,0.018,3410.0,0.0010205278592375611,3406.52
syn5,0.0,pagerank,True,100.0,0.01399205219527604,1.0,0.007045315322919881,1.0,0.0,0.8637152314186096,0.0,0.0010205268627032638,3406.52,0.0187,3410.0,0.0010205278592375611,3406.52
syn5,0.0,pgmexplainer,False,100.0,0.5916246489517917,1.0,0.44438993219159334,1.0,0.03,0.86370450258255,0.021897219121456146,0.9805864691734314,66.2,6.3419,3410.0,0.9805865102639294,66.2
syn5,0.0,pgmexplainer,True,100.0,0.5916246489517917,1.0,0.44438993219159334,1.0,0.0,0.8637152314186096,0.0,0.9805864691734314,66.2,5.5668,3410.0,0.9805865102639294,66.2
syn5,0.0,random,False,100.0,0.013977868375072804,1.0,0.007038123167155424,1.0,1.0,0.8583393096923828,0.8548237681388855,0.0002932548522949219,3409.0,0.0,3410.0,0.0002932551319647647,3409.0
syn5,0.0,random,True,100.0,0.013977868375072804,1.0,0.007038123167155424,1.0,0.01,0.8342243432998657,0.004909234587103128,0.0002932548522949219,3409.0,0.0,3410.0,0.0002932551319647647,3409.0
syn5,0.0,sa,False,100.0,0.02275156173667826,0.9216666666666667,0.016420684208390914,0.97,1.0,0.8045130968093872,0.8521080017089844,0.010586509481072426,3373.9,0.0046,3410.0,0.010586510263929578,3373.9
syn5,0.0,sa,True,100.0,0.02275156173667826,0.9216666666666667,0.016420684208390914,1.0,0.04,0.8630093932151794,0.07209000736474991,0.010586509481072426,3373.9,0.0058,3410.0,0.010586510263929578,3373.9
syn5,0.0,subgraphx,False,100.0,0.624753647507127,0.5108333333333334,0.8445935175935176,1.0,0.76,0.8636435866355896,0.6233808994293213,0.9956011772155762,15.0,3.4511,3410.0,0.9956011730205288,15.0
syn5,0.0,subgraphx,True,100.0,0.624753647507127,0.5108333333333334,0.8445935175935176,1.0,0.76,0.8636435866355896,0.6233808994293213,0.9956011772155762,15.0,3.5542,3410.0,0.9956011730205288,15.0
syn5,0.7,distance,False,100.0,0.037954624491498314,1.0,0.019344566864299546,1.0,1.0,0.8284029960632324,0.8581036925315857,0.6999997496604919,1023.0,0.0157,3410.0,0.001231671554252215,3405.8
syn5,0.7,distance,True,100.0,0.037954624491498314,1.0,0.019344566864299546,1.0,0.0,0.8637152314186096,0.0,0.6999997496604919,1023.0,0.0154,3410.0,0.001231671554252215,3405.8
syn5,0.7,gnnexplainer,False,100.0,0.7444155619849685,0.9349999999999998,0.642921172717368,1.0,0.98,0.8531518578529358,0.8362383246421814,0.988639235496521,38.74,2.6183,3410.0,0.9886392961876832,38.74
syn5,0.7,gnnexplainer,True,100.0,0.7444155619849685,0.9349999999999998,0.642921172717368,1.0,0.0,0.8637152314186096,0.0,0.988639235496521,38.74,2.6233,3410.0,0.9886392961876832,38.74
syn5,0.7,ig,False,100.0,0.4402816684297784,0.9983333333333333,0.33930365484923236,1.0,0.99,0.862637996673584,0.7873947024345398,0.8821876049041748,401.74,0.1778,3410.0,0.6316070381231671,1256.22
syn5,0.7,ig,True,100.0,0.4402816684297784,0.9983333333333333,0.33930365484923236,1.0,0.03,0.8637152314186096,0.01562737673521042,0.8821876049041748,401.74,0.2191,3410.0,0.6316070381231671,1256.22
syn5,0.7,occlusion,False,100.0,0.7444155619849685,0.9349999999999998,0.642921172717368,1.0,0.9,0.8627068996429443,0.7704258561134338,0.988639235496521,38.74,0.1653,3410.0,0.9886392961876832,38.74
syn5,0.7,occlusion,True,100.0,0.7444155619849685,0.9349999999999998,0.642921172717368,1.0,0.0,0.8637152314186096,0.0,0.988639235496521,38.74,0.1276,3410.0,0.9886392961876832,38.74
syn5,0.7,pagerank,False,100.0,0.045801526717557266,1.0,0.0234375,1.0,1.0,0.8637185096740723,0.85808265209198,0.6999997496604919,1023.0,0.0212,3410.0,0.0010205278592375611,3406.52
syn5,0.7,pagerank,True,100.0,0.045801526717557266,1.0,0.0234375,1.0,0.0,0.8637152314186096,0.0,0.6999997496604919,1023.0,0.0191,3410.0,0.0010205278592375611,3406.52
syn5,0.7,pgmexplainer,False,100.0,0.5916246489517917,1.0,0.44438993219159334,1.0,0.03,0.86370450258255,0.021897219121456146,0.9805864691734314,66.2,5.6483,3410.0,0.9805865102639294,66.2
syn5,0.7,pgmexplainer,True,100.0,0.5916246489517917,1.0,0.44438993219159334,1.0,0.0,0.8637152314186096,0.0,0.9805864691734314,66.2,5.6468,3410.0,0.9805865102639294,66.2
syn5,0.7,random,False,100.0,0.013989689541234175,0.5141666666666667,0.007091327578655615,0.85,1.0,0.6771671175956726,0.8622807264328003,0.6999997496604919,1023.0,0.0,3410.0,0.0002932551319647647,3409.0
syn5,0.7,random,True,100.0,0.013989689541234175,0.5141666666666667,0.007091327578655615,0.91,0.99,0.7641838788986206,0.857776939868927,0.6999997496604919,1023.0,0.0,3410.0,0.0002932551319647647,3409.0
syn5,0.7,sa,False,100.0,0.018545522105112247,0.2175,0.014362595494076402,0.38,1.0,0.3248349130153656,0.8582896590232849,0.7029293775558472,1013.01,0.0056,3410.0,0.010586510263929578,3373.9
syn5,0.7,sa,True,100.0,0.018545522105112247,0.2175,0.014362595494076402,0.34,0.98,0.28227001428604126,0.8153029680252075,0.7029293775558472,1013.01,0.0047,3410.0,0.010586510263929578,3373.9
syn5,0.7,subgraphx,False,100.0,0.624753647507127,0.5108333333333334,0.8445935175935176,1.0,0.76,0.8636435866355896,0.6233808994293213,0.9956011772155762,15.0,3.7094,3410.0,0.9956011730205288,15.0
syn5,0.7,subgraphx,True,100.0,0.624753647507127,0.5108333333333334,0.8445935175935176,1.0,0.76,0.8636435866355896,0.6233808994293213,0.9956011772155762,15.0,4.7213,3410.0,0.9956011730205288,15.0
syn5,0.99,distance,False,100.0,0.679296222756025,0.9466666666666668,0.5313243523448329,0.94,1.0,0.7889883518218994,0.8595669269561768,0.9900292754173279,34.0,0.0162,3410.0,0.001231671554252215,3405.8
syn5,0.99,distance,True,100.0,0.679296222756025,0.9466666666666668,0.5313243523448329,1.0,0.56,0.8637152314186096,0.4529496431350708,0.9900292754173279,34.0,0.0155,3410.0,0.001231671554252215,3405.8
syn5,0.99,gnnexplainer,False,100.0,0.7362219700005739,0.8925,0.6431260188055314,0.98,1.0,0.8349886536598206,0.8445162773132324,0.9908504486083984,31.2,2.7675,3410.0,0.9886392961876832,38.74
syn5,0.99,gnnexplainer,True,100.0,0.7322866909628403,0.8858333333333333,0.6402185722729133,1.0,0.36,0.8605018854141235,0.30274778604507446,0.9908504486083984,31.2,2.9473,3410.0,0.9886392961876832,38.74
syn5,0.99,ig,False,100.0,0.7924176880837617,0.9608333333333333,0.6759362017411553,1.0,0.99,0.8608828186988831,0.7938815355300903,0.9901641607284546,33.54,0.1757,3410.0,0.6316070381231671,1256.22
syn5,0.99,ig,True,100.0,0.7924176880837617,0.9608333333333333,0.6759362017411553,1.0,0.33,0.8637152314186096,0.26947933435440063,0.9901641607284546,33.54,0.2114,3410.0,0.6316070381231671,1256.22
syn5,0.99,occlusion,False,100.0,0.746637806958761,0.9225,0.6470633543684694,1.0,1.0,0.8623495697975159,0.8607543706893921,0.9908504486083984,31.2,0.159,3410.0,0.9886392961876832,38.74
syn5,0.99,occlusion,True,100.0,0.746637806958761,0.9225,0.6470633543684694,1.0,0.47,0.8637174367904663,0.39861202239990234,0.9908504486083984,31.2,0.1559,3410.0,0.9886392961876832,38.74
syn5,0.99,pagerank,False,100.0,0.8022068965517242,0.97,0.6839215686274508,1.0,1.0,0.8637185096740723,0.8583015203475952,0.9900292754173279,34.0,0.0185,3410.0,0.0010205278592375611,3406.52
syn5,0.99,pagerank,True,100.0,0.8022068965517242,0.97,0.6839215686274508,1.0,0.33,0.8637152314186096,0.2505115270614624,0.9900292754173279,34.0,0.021,3410.0,0.0010205278592375611,3406.52
syn5,0.99,pgmexplainer,False,100.0,0.7552797570492789,0.9074999999999999,0.648151888015665,1.0,0.21,0.8635355234146118,0.16217920184135437,0.9901641607284546,33.54,6.2657,3410.0,0.9805865102639294,66.2
syn5,0.99,pgmexplainer,True,100.0,0.7552797570492789,0.9074999999999999,0.648151888015665,1.0,0.19,0.8635643124580383,0.13692985475063324,0.9901641607284546,33.54,8.9143,3410.0,0.9805865102639294,66.2
syn5,0.99,random,False,100.0,0.010097496706192359,0.01916666666666666,0.006854946524064171,0.02,1.0,0.02545947954058647,0.863716185092926,0.9900292754173279,34.0,0.0001,3410.0,0.0002932551319647647,3409.0
syn5,0.99,random,True,100.0,0.010097496706192359,0.01916666666666666,0.006854946524064171,0.03,1.0,0.02568257413804531,0.863716185092926,0.9900292754173279,34.0,0.0001,3410.0,0.0002932551319647647,3409.0
syn5,0.99,sa,False,100.0,0.16624730198480445,0.21416666666666664,0.13688011511379394,0.38,1.0,0.3236428201198578,0.8583601117134094,0.9900586009025574,33.9,0.0055,3410.0,0.010586510263929578,3373.9
syn5,0.99,sa,True,100.0,0.16624730198480445,0.21416666666666664,0.13688011511379394,0.34,0.98,0.28197410702705383,0.8171498775482178,0.9900586009025574,33.9,0.0043,3410.0,0.010586510263929578,3373.9
syn5,0.99,subgraphx,False,100.0,0.6172092284885662,0.505,0.8343071373071372,1.0,0.78,0.8637152910232544,0.6390653848648071,0.9955953359603882,15.02,4.8219,3410.0,0.9955953079178894,15.02
syn5,0.99,subgraphx,True,100.0,0.624753647507127,0.5108333333333334,0.8445935175935176,1.0,0.76,0.8636435866355896,0.6233808994293213,0.9956011772155762,15.0,3.8839,3410.0,0.9956011730205288,15.0
syn5,0.997,distance,False,100.0,0.641545150755677,0.5283333333333333,0.8241150793650793,0.81,1.0,0.6582381725311279,0.8629995584487915,0.9970675706863403,10.0,0.0154,3410.0,0.001231671554252215,3405.8
syn5,0.997,distance,True,100.0,0.641545150755677,0.5283333333333333,0.8241150793650793,0.95,1.0,0.81467604637146,0.8618836402893066,0.9970675706863403,10.0,0.0119,3410.0,0.001231671554252215,3405.8
syn5,0.997,gnnexplainer,False,100.0,0.5361053391053392,0.4616666666666668,0.6439563492063491,0.75,1.0,0.6416481137275696,0.8627340197563171,0.9970675706863403,10.0,3.5843,3410.0,0.9886392961876832,38.74
syn5,0.997,gnnexplainer,True,100.0,0.5498017771701982,0.4708333333333334,0.6650079365079365,0.88,1.0,0.7238476276397705,0.8626386523246765,0.9970675706863403,10.0,2.6593,3410.0,0.9886392961876832,38.74
syn5,0.997,ig,False,100.0,0.5537254901960783,0.39666666666666667,0.92,0.8,1.0,0.6792168617248535,0.8295305371284485,0.9970675706863403,10.0,0.2539,3410.0,0.6316070381231671,1256.22
syn5,0.997,ig,True,100.0,0.5537254901960783,0.39666666666666667,0.92,0.79,1.0,0.6898357272148132,0.8143680095672607,0.9970675706863403,10.0,0.2046,3410.0,0.6316070381231671,1256.22
syn5,0.997,occlusion,False,100.0,0.6682450064555329,0.5775,0.7987698412698413,1.0,1.0,0.8604680895805359,0.8637148141860962,0.9970675706863403,10.0,0.1731,3410.0,0.9886392961876832,38.74
syn5,0.997,occlusion,True,100.0,0.6682450064555329,0.5775,0.7987698412698413,1.0,1.0,0.8636801242828369,0.8631446361541748,0.9970675706863403,10.0,0.188,3410.0,0.9886392961876832,38.74
syn5,0.997,pagerank,False,100.0,0.5490196078431372,0.3891666666666667,0.9319999999999999,1.0,1.0,0.8632400035858154,0.8625065684318542,0.9970675706863403,10.0,0.0225,3410.0,0.0010205278592375611,3406.52
syn5,0.997,pagerank,True,100.0,0.5490196078431372,0.3891666666666667,0.9319999999999999,1.0,1.0,0.8636435866355896,0.8332151770591736,0.9970675706863403,10.0,0.021,3410.0,0.0010205278592375611,3406.52
syn5,0.997,pgmexplainer,False,100.0,0.5090849673202613,0.36083333333333323,0.8643333333333334,0.88,0.98,0.6992236375808716,0.821923017501831,0.9970675706863403,10.0,6.4353,3410.0,0.9805865102639294,66.2
syn5,0.997,pgmexplainer,True,100.0,0.5090849673202613,0.36083333333333323,0.8643333333333334,0.88,0.98,0.698594331741333,0.8216361999511719,0.9970675706863403,10.0,5.7767,3410.0,0.9805865102639294,66.2
syn5,0.997,random,False,100.0,0.00818181818181818,0.0075,0.009000000000000001,0.0,1.0,0.0051134745590388775,0.8637155294418335,0.9970675706863403,10.0,0.0,3410.0,0.0002932551319647647,3409.0
syn5,0.997,random,True,100.0,0.00818181818181818,0.0075,0.009000000000000001,0.0,1.0,0.005130235105752945,0.8637155294418335,0.9970675706863403,10.0,0.0,3410.0,0.0002932551319647647,3409.0
syn5,0.997,sa,False,100.0,0.15224183006535946,0.11,0.24858333333333335,0.36,1.0,0.29310959577560425,0.8622857928276062,0.9970675706863403,10.0,0.0038,3410.0,0.010586510263929578,3373.9
syn5,0.997,sa,True,100.0,0.1513267973856209,0.10916666666666666,0.24791666666666665,0.34,1.0,0.27546900510787964,0.8609333634376526,0.9970675706863403,10.0,0.0062,3410.0,0.010598240469208164,3373.86
syn5,0.997,subgraphx,False,100.0,0.5609540517961571,0.4258333333333333,0.8424642857142857,0.97,1.0,0.8374131917953491,0.8489500284194946,0.9971438050270081,9.74,3.6892,3410.0,0.9956011730205288,15.0
syn5,0.997,subgraphx,True,100.0,0.5574294068504595,0.4241666666666667,0.8337539682539681,0.97,1.0,0.8346734046936035,0.8537911176681519,0.9971438050270081,9.74,4.7674,3410.0,0.9955953079178894,15.02
syn6,0.0,distance,False,100.0,0.005105748568208327,1.0,0.0025594087140964734,0.03,0.64,0.16319797933101654,0.4995175898075104,0.03161853924393654,3823.17,0.0161,3948.0,0.03161854103343465,3823.17
syn6,0.0,distance,True,100.0,0.005105748568208327,1.0,0.0025594087140964734,0.64,0.0,0.5990284085273743,0.0,0.03161853924393654,3823.17,0.0158,3948.0,0.03161854103343465,3823.17
syn6,0.0,gnnexplainer,False,100.0,0.33621745969603173,1.0,0.21891702115050424,0.36,0.38,0.34756073355674744,0.3583134412765503,0.9370414614677429,248.56,2.7724,3948.0,0.9370415400202632,248.56
syn6,0.0,gnnexplainer,True,100.0,0.33621745969603173,1.0,0.21891702115050424,0.64,0.0,0.5990284085273743,0.0,0.9370414614677429,248.56,3.6396,3948.0,0.9370415400202632,248.56
syn6,0.0,ig,False,100.0,0.004632783626099156,0.9119999999999997,0.0023222909140003926,0.01,0.64,0.009077869355678558,0.5727730989456177,0.0047922939993441105,3929.08,0.1662,3948.0,0.004792299898682857,3929.08
syn6,0.0,ig,True,100.0,0.004632783626099156,0.9119999999999997,0.0023222909140003926,0.59,0.06,0.5459510087966919,0.08401551097631454,0.0047922939993441105,3929.08,0.1685,3948.0,0.004792299898682857,3929.08
syn6,0.0,occlusion,False,100.0,0.0048715149106058515,0.9640000000000001,0.002441927521027282,0.65,0.0,0.604566752910614,-0.01785631850361824,0.0004179501556791365,3946.35,0.7139,3948.0,0.00041793313069911077,3946.35
syn6,0.0,occlusion,True,100.0,0.0048715149106058515,0.9640000000000001,0.002441927521027282,0.74,0.0,0.6881532073020935,-0.03130807727575302,0.00041541754035279155,3946.36,0.6013,3948.0,0.0004154002026342685,3946.36
syn6,0.0,pagerank,False,100.0,0.00505561172901921,1.0,0.0025342118601115048,0.64,0.01,0.5956335663795471,0.017922915518283844,0.0005065798759460449,3946.0,0.0284,3948.0,0.0005065856129685686,3946.0
syn6,0.0,pagerank,True,100.0,0.00505561172901921,1.0,0.0025342118601115048,0.64,0.0,0.5990284085273743,0.0,0.0005065798759460449,3946.0,0.0212,3948.0,0.0005065856129685686,3946.0
syn6,0.0,pgmexplainer,False,100.0,0.054012139602310924,1.0,0.028130507960974712,0.64,0.01,0.5728843808174133,-0.0004042088985443115,0.7966008186340332,803.02,3.8195,3948.0,0.7966008105369808,803.02
syn6,0.0,pgmexplainer,True,100.0,0.054012139602310924,1.0,0.028130507960974712,0.64,0.0,0.5990284085273743,0.0,0.7966008186340332,803.02,3.4487,3948.0,0.7966008105369808,803.02
syn6,0.0,random,False,100.0,0.005053057099545225,1.0,0.002532928064842958,0.37,0.29,0.34169337153434753,0.28074491024017334,0.00025331974029541016,3947.0,0.0001,3948.0,0.00025329280648433983,3947.0
syn6,0.0,random,True,100.0,0.005053057099545225,1.0,0.002532928064842958,0.63,0.0,0.5904403924942017,0.00042820392991416156,0.00025331974029541016,3947.0,0.0001,3948.0,0.00025329280648433983,3947.0
syn6,0.0,sa,False,100.0,0.0035598871348106868,0.7039999999999997,0.0017844552575386379,0.02,0.64,0.13354577124118805,0.45858433842658997,0.0007497381884604692,3945.04,0.0032,3948.0,0.0007497467071934815,3945.04
syn6,0.0,sa,True,100.0,0.0035598871348106868,0.7039999999999997,0.0017844552575386379,0.2,0.45,0.24375103414058685,0.37393662333488464,0.0007497381884604692,3945.04,0.0033,3948.0,0.0007497467071934815,3945.04
syn6,0.0,subgraphx,False,100.0,0.6610555555555555,0.6339999999999999,0.7005,0.54,0.2,0.49347302317619324,0.18352901935577393,0.9978216290473938,8.6,0.8311,3948.0,0.997821681864236,8.6
syn6,0.0,subgraphx,True,100.0,0.6610555555555555,0.6339999999999999,0.7005,0.54,0.2,0.49347302317619324,0.18352901935577393,0.9978216290473938,8.6,0.88,3948.0,0.997821681864236,8.6
syn6,0.7,distance,False,100.0,0.01009792782886872,1.0,0.00507462582783286,0.03,0.64,0.1628122180700302,0.5010160803794861,0.700101375579834,1184.0,0.0165,3948.0,0.03161854103343465,3823.17
syn6,0.7,distance,True,100.0,0.01009792782886872,1.0,0.00507462582783286,0.64,0.0,0.5990284085273743,0.0031473273411393166,0.700101375579834,1184.0,0.023,3948.0,0.03161854103343465,3823.17
syn6,0.7,gnnexplainer,False,100.0,0.33621792124349725,0.996,0.2189173889028825,0.38,0.38,0.37976935505867004,0.34028542041778564,0.9425278306007385,226.9,5.4585,3948.0,0.9370415400202632,248.56
syn6,0.7,gnnexplainer,True,100.0,0.3362196567693306,0.996,0.2189182688927686,0.62,0.0,0.5755273699760437,0.002388256136327982,0.9425278306007385,226.9,2.6679,3948.0,0.9370415400202632,248.56
syn6,0.7,ig,False,100.0,0.006491217077243801,0.5920000000000001,0.003263536518287274,0.01,0.64,-0.023846616968512535,0.5998918414115906,0.700101375579834,1184.0,0.1551,3948.0,0.004792299898682857,3929.08
syn6,0.7,ig,True,100.0,0.006491217077243801,0.5920000000000001,0.003263536518287274,0.01,0.64,0.0017823404632508755,0.6057434678077698,0.700101375579834,1184.0,0.1433,3948.0,0.004792299898682857,3929.08
syn6,0.7,occlusion,False,100.0,0.00014765751692590986,0.013999999999999999,7.42201583692499e-05,0.07,0.64,0.0600963830947876,0.5965689420700073,0.700101375579834,1184.0,0.4925,3948.0,0.0004154002026342685,3946.36
syn6,0.7,occlusion,True,100.0,0.00014765751692590986,0.013999999999999999,7.42201583692499e-05,0.07,0.64,0.0600963830947876,0.5965689420700073,0.700101375579834,1184.0,0.7387,3948.0,0.0004154002026342685,3946.36
syn6,0.7,pagerank,False,100.0,0.01675041876046901,1.0,0.008445945945945945,0.64,0.01,0.5956335663795471,0.017922230064868927,0.700101375579834,1184.0,0.028,3948.0,0.0005065856129685686,3946.0
syn6,0.7,pagerank,True,100.0,0.01675041876046901,1.0,0.008445945945945945,0.64,0.0,0.5990284085273743,3.9696692510915454e-07,0.700101375579834,1184.0,0.0219,3948.0,0.0005065856129685686,3946.0
syn6,0.7,pgmexplainer,False,100.0,0.05575163912034724,1.0,0.029011361585636622,0.64,0.01,0.572908341884613,0.00318916910327971,0.8602432012557983,551.76,3.476,3948.0,0.7966008105369808,803.02
syn6,0.7,pgmexplainer,True,100.0,0.05575163912034724,1.0,0.029011361585636622,0.64,0.0,0.5990283489227295,0.0007826632354408503,0.8602432012557983,551.76,5.2533,3948.0,0.7966008105369808,803.02
syn6,0.7,random,False,100.0,0.004749176279879723,0.4799999999999999,0.0023863947370449472,0.22,0.48,0.21147912740707397,0.4560001790523529,0.700101375579834,1184.0,0.0,3948.0,0.00025329280648433983,3947.0
syn6,0.7,random,True,100.0,0.004749176279879723,0.4799999999999999,0.0023863947370449472,0.29,0.47,0.2774716317653656,0.43100592494010925,0.700101375579834,1184.0,0.0,3948.0,0.00025329280648433983,3947.0
syn6,0.7,sa,False,100.0,0.0,0.0,0.0,0.01,0.64,0.008693519979715347,0.5990284085273743,0.700101375579834,1184.0,0.0036,3948.0,0.0007497467071934815,3945.04
syn6,0.7,sa,True,100.0,0.0,0.0,0.0,0.01,0.64,0.00869657937437296,0.5990284085273743,0.700101375579834,1184.0,0.0032,3948.0,0.0007497467071934815,3945.04
syn6,0.7,subgraphx,False,100.0,0.6610555555555555,0.6339999999999999,0.7005,0.54,0.2,0.49347302317619324,0.18352897465229034,0.9978216290473938,8.6,1.0733,3948.0,0.997821681864236,8.6
syn6,0.7,subgraphx,True,100.0,0.6610555555555555,0.6339999999999999,0.7005,0.54,0.2,0.49347302317619324,0.18352901935577393,0.9978216290473938,8.6,0.8213,3948.0,0.997821681864236,8.6
syn6,0.99,distance,False,100.0,0.26876543046198104,0.998,0.1553759467393244,0.03,0.64,0.1641482561826706,0.49915269017219543,0.9901216626167297,39.0,0.0171,3948.0,0.03161854103343465,3823.17
syn6,0.99,distance,True,100.0,0.26876543046198104,0.998,0.1553759467393244,0.64,0.01,0.5990283489227295,0.0022711895871907473,0.9901216626167297,39.0,0.017,3948.0,0.03161854103343465,3823.17
syn6,0.99,gnnexplainer,False,100.0,0.3325661326727763,0.7419999999999999,0.21793516757010728,0.32,0.44,0.30023857951164246,0.4095230996608734,0.9912106990814209,34.7,3.6827,3948.0,0.9370415400202632,248.56
syn6,0.99,gnnexplainer,True,100.0,0.335652211810657,0.7560000000000001,0.21960362119289567,0.4,0.23,0.3773666322231293,0.21549218893051147,0.9912106990814209,34.7,2.6302,3948.0,0.9370415400202632,248.56
syn6,0.99,ig,False,100.0,0.1667169427324453,0.548,0.09890110405057234,0.01,0.64,-0.025549259036779404,0.599978506565094,0.9901216626167297,39.0,0.1816,3948.0,0.004792299898682857,3929.08
syn6,0.99,ig,True,100.0,0.1667169427324453,0.548,0.09890110405057234,0.01,0.64,-0.0008268686942756176,0.6058040261268616,0.9901216626167297,39.0,0.1519,3948.0,0.004792299898682857,3929.08
syn6,0.99,occlusion,False,100.0,0.003245243128964059,0.013999999999999999,0.0018353576248313088,0.07,0.64,0.0600963830947876,0.5965689420700073,0.9901216626167297,39.0,0.5789,3948.0,0.0004154002026342685,3946.36
syn6,0.99,occlusion,True,100.0,0.003245243128964059,0.013999999999999999,0.0018353576248313088,0.07,0.64,0.0600963830947876,0.5965689420700073,0.9901216626167297,39.0,0.5817,3948.0,0.0004154002026342685,3946.36
syn6,0.99,pagerank,False,100.0,0.3999999999999999,1.0,0.25,0.64,0.01,0.5956354737281799,0.015533668920397758,0.9901216626167297,39.0,0.0211,3948.0,0.0005065856129685686,3946.0
syn6,0.99,pagerank,True,100.0,0.3999999999999999,1.0,0.25,0.64,0.03,0.5990284085273743,0.039609555155038834,0.9901216626167297,39.0,0.0177,3948.0,0.0005065856129685686,3946.0
syn6,0.99,pgmexplainer,False,100.0,0.32957699684240266,0.8640000000000002,0.20389872301611434,0.62,0.15,0.5714985132217407,0.12262944877147675,0.9901216626167297,39.0,3.5004,3948.0,0.7966008105369808,803.02
syn6,0.99,pgmexplainer,True,100.0,0.32957699684240266,0.8640000000000002,0.20389872301611434,0.62,0.14,0.5762775540351868,0.12689091265201569,0.9901216626167297,39.0,3.3685,3948.0,0.7966008105369808,803.02
syn6,0.99,random,False,100.0,0.005454545454545454,0.024000000000000004,0.003076923076923077,0.0,0.63,0.001747754868119955,0.5904636979103088,0.9901216626167297,39.0,0.0,3948.0,0.00025329280648433983,3947.0
syn6,0.99,random,True,100.0,0.005454545454545454,0.024000000000000004,0.003076923076923077,0.0,0.63,0.0017848580610007048,0.5904403924942017,0.9901216626167297,39.0,0.0,3948.0,0.00025329280648433983,3947.0
syn6,0.99,sa,False,100.0,0.0,0.0,0.0,0.01,0.64,0.0045103589072823524,0.5990283489227295,0.9901216626167297,39.0,0.0054,3948.0,0.0007497467071934815,3945.04
syn6,0.99,sa,True,100.0,0.0,0.0,0.0,0.01,0.64,0.004536591004580259,0.5990283489227295,0.9901216626167297,39.0,0.0055,3948.0,0.0007497467071934815,3945.04
syn6,0.99,subgraphx,False,100.0,0.6610555555555555,0.6339999999999999,0.7005,0.54,0.2,0.49347302317619324,0.18352901935577393,0.9978216290473938,8.6,0.8172,3948.0,0.997821681864236,8.6
syn6,0.99,subgraphx,True,100.0,0.6610555555555555,0.6339999999999999,0.7005,0.54,0.2,0.49347302317619324,0.18352901935577393,0.9978216290473938,8.6,0.8861,3948.0,0.997821681864236,8.6
syn6,0.997,distance,False,100.0,0.726184065934066,0.9379999999999998,0.5974318181818181,0.02,0.64,0.179929718375206,0.47172918915748596,0.9972137212753296,11.0,0.0136,3948.0,0.03161854103343465,3823.17
syn6,0.997,distance,True,100.0,0.726184065934066,0.9379999999999998,0.5974318181818181,0.48,0.24,0.44624221324920654,0.22632035613059998,0.9972137212753296,11.0,0.0129,3948.0,0.03161854103343465,3823.17
syn6,0.997,gnnexplainer,False,100.0,0.29765201465201463,0.42399999999999993,0.2302532467532467,0.21,0.56,0.20739255845546722,0.5348505973815918,0.9972137212753296,11.0,5.1027,3948.0,0.9370415400202632,248.56
syn6,0.997,gnnexplainer,True,100.0,0.2971236263736263,0.424,0.2298008658008658,0.22,0.59,0.19875192642211914,0.5641789436340332,0.9972137212753296,11.0,5.426,3948.0,0.9370415400202632,248.56
syn6,0.997,ig,False,100.0,0.25451615051615056,0.312,0.21595634920634918,0.0,0.64,-0.018605045974254608,0.5990284085273743,0.9972137212753296,11.0,0.1643,3948.0,0.004792299898682857,3929.08
syn6,0.997,ig,True,100.0,0.25451615051615056,0.312,0.21595634920634918,0.0,0.64,0.006561619229614735,0.5990284085273743,0.9972137212753296,11.0,0.1659,3948.0,0.004792299898682857,3929.08
syn6,0.997,occlusion,False,100.0,0.008750000000000003,0.013999999999999999,0.006363636363636364,0.07,0.64,0.0600963830947876,0.5965689420700073,0.9972137212753296,11.0,0.4944,3948.0,0.0004154002026342685,3946.36
syn6,0.997,occlusion,True,100.0,0.008750000000000003,0.013999999999999999,0.006363636363636364,0.07,0.64,0.0600963830947876,0.5965689420700073,0.9972137212753296,11.0,0.495,3948.0,0.0004154002026342685,3946.36
syn6,0.997,pagerank,False,100.0,0.898181818181818,0.988,0.8233333333333333,0.63,0.01,0.5868287086486816,-7.91072852734942e-06,0.9972137212753296,11.0,0.0219,3948.0,0.0005065856129685686,3946.0
syn6,0.997,pagerank,True,100.0,0.898181818181818,0.988,0.8233333333333333,0.63,0.01,0.5904403924942017,-0.0030173223931342363,0.9972137212753296,11.0,0.0189,3948.0,0.0005065856129685686,3946.0
syn6,0.997,pgmexplainer,False,100.0,0.5599999999999999,0.616,0.5133333333333333,0.57,0.19,0.5330896973609924,0.1775301694869995,0.9972137212753296,11.0,4.15,3948.0,0.7966008105369808,803.02
syn6,0.997,pgmexplainer,True,100.0,0.5599999999999999,0.616,0.5133333333333333,0.57,0.19,0.5361375212669373,0.18341976404190063,0.9972137212753296,11.0,5.2394,3948.0,0.7966008105369808,803.02
syn6,0.997,random,False,100.0,0.0025000000000000005,0.004,0.0018181818181818182,0.0,0.64,-0.00011042833648389205,0.5990284085273743,0.9972137212753296,11.0,0.0001,3948.0,0.00025329280648433983,3947.0
syn6,0.997,random,True,100.0,0.0025000000000000005,0.004,0.0018181818181818182,0.0,0.64,-0.00011039972014259547,0.5990284085273743,0.9972137212753296,11.0,0.0,3948.0,0.00025329280648433983,3947.0
syn6,0.997,sa,False,100.0,0.0,0.0,0.0,0.0,0.64,0.001295893220230937,0.5990284085273743,0.9972137212753296,11.0,0.0031,3948.0,0.0007497467071934815,3945.04
syn6,0.997,sa,True,100.0,0.0,0.0,0.0,0.0,0.64,0.0012964206980541348,0.5990284085273743,0.9972137212753296,11.0,0.0032,3948.0,0.0007497467071934815,3945.04
syn6,0.997,subgraphx,False,100.0,0.6610555555555555,0.6339999999999999,0.7005,0.54,0.2,0.49347302317619324,0.1830703765153885,0.9978291988372803,8.57,0.8231,3948.0,0.997821681864236,8.6
syn6,0.997,subgraphx,True,100.0,0.6610555555555555,0.6339999999999999,0.7005,0.54,0.2,0.49347302317619324,0.1830703765153885,0.9978291988372803,8.57,0.9027,3948.0,0.997821681864236,8.6
