dataset,sparsity,explainer_name,num_test_nodes,gpu,f1_score,recall,precision,auc,fidelity_acc+,fidelity_acc-,fidelity_prob+,fidelity_prob-,mask_sparsity,expl_edges,time,number_of_edges,mask_sparsity_init,non_zero_values_init
syn1,0.0,distance,100.0,1.0,0.005822501095236078,1.0,0.0029197506734234056,0.9984496502358874,0.53,0.0,0.4879054129123688,0.0,0.009175175800919533,4072.29,0.0159,4110.0,0.00917518248175182,4072.29
syn1,0.0,gnnexplainer,100.0,1.0,0.4708098949728271,1.0,0.3712587935755166,0.968211627623231,0.53,0.0,0.4879054129123688,0.0,0.9376057386398315,256.44,2.5984,4110.0,0.9376058394160586,256.44
syn1,0.0,ig_node,100.0,1.0,0.007333445297087138,0.92,0.0037027588074217237,0.5199365544167888,0.53,0.24,0.4849790632724762,0.23897846043109894,0.05082237720489502,3901.12,0.1673,4110.0,0.05082238442822385,3901.12
syn1,0.0,occlusion,100.0,1.0,0.00582241630276565,1.0,0.002919708029197079,0.0407369448511469,0.53,0.0,0.3237719237804413,-0.10017051547765732,0.00024330615997314453,4109.0,0.5983,4110.0,0.00024330900243307862,4109.0
syn1,0.0,pagerank,100.0,1.0,0.005825242718446604,1.0,0.0029211295034079847,0.9998910037416628,0.53,0.0,0.4879054129123688,0.0,0.00048661231994628906,4108.0,0.021,4110.0,0.00048661800486615725,4108.0
syn1,0.0,pgmexplainer,100.0,1.0,0.17919372858581067,0.9983333333333333,0.11979557370245952,0.9672210021148528,0.53,0.0,0.4879054129123688,-0.000656609539873898,0.8187105059623718,745.1,6.0935,4110.0,0.8187104622871044,745.1
syn1,0.0,random,100.0,1.0,0.00582241630276565,1.0,0.002919708029197079,0.5027649666503986,0.53,0.0,0.4879054129123688,-4.827976454180316e-07,0.00024330615997314453,4109.0,0.0001,4110.0,0.00024330900243307862,4109.0
syn1,0.0,sa_node,100.0,1.0,0.0048543689320388345,0.8333333333333331,0.002434274586173321,0.04175288758744102,0.53,0.3,0.4849167764186859,0.2680402398109436,0.00048661231994628906,4108.0,0.0028,4110.0,0.00048661800486615725,4108.0
syn1,0.0,subgraphx,100.0,1.0,0.8003722943722944,0.8,0.8193571428571428,-1.0,0.45,0.18,0.40350884199142456,0.08104502409696579,0.9473185539245605,216.52,0.9609,4110.0,0.9473187347931877,11.02
syn1,0.7,distance,100.0,1.0,0.01187017609041131,1.0,0.005970582142156393,0.9984496502358874,0.53,0.0,0.4879054129123688,-0.0030713349115103483,0.6999997496604919,1233.0,0.0138,4110.0,0.00917518248175182,4072.29
syn1,0.7,gnnexplainer,100.0,1.0,0.47083317734358715,0.9983333333333333,0.3712706711656962,0.9699943061656093,0.53,0.02,0.48559433221817017,0.022846372798085213,0.9423648715019226,236.88,2.5966,4110.0,0.9376058394160586,256.44
syn1,0.7,ig_node,100.0,1.0,0.008075517390524214,0.52,0.004084632178576977,0.6876720351390919,0.05,0.48,0.05447244271636009,0.43343299627304077,0.7071506381034851,1203.61,0.1599,4110.0,0.05082238442822385,3901.12
syn1,0.7,occlusion,100.0,1.0,0.0006622769843197108,0.05333333333333333,0.0003332074904398988,0.3669395640149667,0.25,0.49,0.19612018764019012,0.447654128074646,0.6999997496604919,1233.0,0.584,4110.0,0.00024330900243307862,4109.0
syn1,0.7,pagerank,100.0,1.0,0.01926163723916533,1.0,0.009724473257698542,0.9998910037416628,0.53,0.0,0.4879054129123688,-0.00033805251587182283,0.6999997496604919,1233.0,0.0199,4110.0,0.00048661800486615725,4108.0
syn1,0.7,pgmexplainer,100.0,1.0,0.18151566175214026,0.97,0.1210077433062876,0.9629315113063285,0.53,0.0,0.4879054129123688,-0.0033965492621064186,0.8792529106140137,496.27,3.895,4110.0,0.81861800486618,745.48
syn1,0.7,random,100.0,1.0,0.005838952200245099,0.5133333333333333,0.0029361764901953947,0.5016892386530014,0.29,0.47,0.1547858864068985,0.346689909696579,0.6999997496604919,1233.0,0.0001,4110.0,0.00024330900243307862,4109.0
syn1,0.7,sa_node,100.0,1.0,0.0005457743377862548,0.04166666666666667,0.00027468883901244647,0.3766042378395966,0.05,0.53,0.0031489422544837,0.4937598407268524,0.6999997496604919,1233.0,0.0027,4110.0,0.00048661800486615725,4108.0
syn1,0.7,subgraphx,100.0,1.0,0.7944848484848483,0.7933333333333334,0.8113571428571429,-1.0,0.45,0.18,0.4085133671760559,0.07565221190452576,0.9823088049888611,72.71,0.9601,4110.0,0.9473090024330904,11.06
syn1,0.99,distance,100.0,1.0,0.30149888632740823,1.0,0.17756851157017187,0.9801375671059053,0.53,0.05,0.4879054129123688,-0.02008657716214657,0.9900243282318115,41.0,0.0139,4110.0,0.00917518248175182,4072.29
syn1,0.99,gnnexplainer,100.0,1.0,0.46837485822423935,0.7533333333333334,0.3708988687027691,0.8521693509028795,0.32,0.29,0.2734147012233734,0.24292290210723877,0.9922918677330017,31.68,2.5756,4110.0,0.9376058394160586,256.44
syn1,0.99,ig_node,100.0,1.0,0.17878591620561454,0.5183333333333333,0.1085706430070307,0.756697372702131,0.05,0.48,0.05447244271636009,0.4329214096069336,0.9900243282318115,41.0,0.1677,4110.0,0.05082238442822385,3901.12
syn1,0.99,occlusion,100.0,1.0,0.013617021276595743,0.05333333333333333,0.007804878048780488,0.508498047828209,0.25,0.49,0.1961202174425125,0.447654128074646,0.9900243282318115,41.0,0.6709,4110.0,0.00024330900243307862,4109.0
syn1,0.99,pagerank,100.0,1.0,0.4444444444444445,1.0,0.2857142857142856,0.9998910037416625,0.53,0.0,0.4879054129123688,-0.006147847045212984,0.9900243282318115,41.0,0.02,4110.0,0.00048661800486615725,4108.0
syn1,0.99,pgmexplainer,100.0,1.0,0.35090942968862926,0.755,0.2328278580662617,0.8750205384740525,0.4,0.23,0.3788008391857147,0.14951272308826447,0.9906933307647705,38.25,5.3987,4110.0,0.8182287104622872,747.08
syn1,0.99,random,100.0,1.0,0.00427382053654024,0.016666666666666666,0.002451219512195122,0.4991861883845779,0.01,0.53,0.009899157099425793,0.4872249662876129,0.9900243282318115,41.0,0.0001,4110.0,0.00024330900243307862,4109.0
syn1,0.99,sa_node,100.0,1.0,0.01814814814814815,0.04166666666666667,0.011607142857142856,0.515981169676265,0.05,0.53,0.0031489422544837,0.5012949109077454,0.9900243282318115,41.0,0.0027,4110.0,0.00048661800486615725,4108.0
syn1,0.99,subgraphx,100.0,1.0,0.7969783549783551,0.7966666666666667,0.8173571428571428,-1.0,0.45,0.18,0.4091581702232361,0.07626312971115112,0.9968199133872986,13.07,0.9899,4110.0,0.9473187347931877,11.02
syn1,0.997,distance,100.0,1.0,0.8040122997917113,0.93,0.7161013708513709,0.8872654343582237,0.43,0.2,0.37850743532180786,0.1059008538722992,0.9970800876617432,12.0,0.0216,4110.0,0.00917518248175182,4072.29
syn1,0.997,gnnexplainer,100.0,1.0,0.42549508008331544,0.5116666666666666,0.37037121212121216,0.6895063648934441,0.22,0.49,0.10466989874839783,0.3729601204395294,0.9970800876617432,12.0,3.746,4110.0,0.9376058394160586,256.44
syn1,0.997,ig_node,100.0,1.0,0.4616666666666668,0.4616666666666668,0.4616666666666668,0.7300878477306004,0.05,0.53,0.05447244271636009,0.4529666006565094,0.9970800876617432,12.0,0.1604,4110.0,0.05082238442822385,3901.12
syn1,0.997,occlusion,100.0,1.0,0.035555555555555556,0.05333333333333333,0.026666666666666665,0.5119420042297055,0.25,0.49,0.19612018764019012,0.447654128074646,0.9970800876617432,12.0,0.8326,4110.0,0.00024330900243307862,4109.0
syn1,0.997,pagerank,100.0,1.0,0.8716666666666665,0.8716666666666665,0.8716666666666665,0.9357629738083618,0.53,0.05,0.4879054129123688,-0.014343037270009518,0.9970800876617432,12.0,0.0201,4110.0,0.00048661800486615725,4108.0
syn1,0.997,pgmexplainer,100.0,1.0,0.5864102564102565,0.5866666666666667,0.5861904761904762,0.7927907922563853,0.31,0.42,0.29940757155418396,0.29444047808647156,0.9970800876617432,12.0,3.8743,4110.0,0.8217274939172751,732.7
syn1,0.997,random,100.0,1.0,0.003333333333333333,0.005,0.0025,0.4997916666666667,0.0,0.53,-0.0006604677182622254,0.4879054129123688,0.9970800876617432,12.0,0.0001,4110.0,0.00024330900243307862,4109.0
syn1,0.997,sa_node,100.0,1.0,0.025384615384615384,0.02666666666666667,0.02428571428571429,0.5119123149503824,0.05,0.53,0.002650054171681404,0.507211446762085,0.9970800876617432,12.0,0.0035,4110.0,0.00048661800486615725,4108.0
syn1,0.997,subgraphx,100.0,1.0,0.8028384948384949,0.805,0.8162857142857143,-1.0,0.45,0.25,0.3997174799442291,0.13101989030838013,0.997269868850708,11.22,0.8792,4110.0,0.9472895377128957,11.14
syn3,0.0,distance,100.0,1.0,0.009404720504221715,1.0,0.0047245769150852995,0.9885574070411391,0.0,0.0,0.01837414689362049,0.0,0.009295275434851646,5032.78,0.0189,5080.0,0.009295275590551174,5032.78
syn3,0.0,gnnexplainer,100.0,1.0,0.7354114098265118,0.93,0.6906520613451961,0.9526410864978903,0.0,0.0,0.01837414689362049,0.0,0.9721536040306091,141.46,5.4723,5080.0,0.9721535433070868,141.46
syn3,0.0,ig_node,100.0,1.0,0.00850699687166125,0.9041666666666669,0.004273602874744219,0.0004150184599155981,0.0,0.0,0.01837414689362049,-0.0006329977768473327,0.00046061575994826853,5077.66,0.2916,5080.0,0.0004606299212598086,5077.66
syn3,0.0,occlusion,100.0,1.0,0.05899793491445033,1.0,0.04845377830678143,0.6263018773074893,0.0,0.0,-0.0027934061363339424,-0.001041302108205855,0.06825592368841171,4733.26,0.4722,5080.0,0.068255905511811,4733.26
syn3,0.0,pagerank,100.0,1.0,0.009410030668480642,1.0,0.004727257152487391,0.9998008966244726,0.0,0.0,0.01837414689362049,0.0,0.0006023437017574906,5076.94,0.0258,5080.0,0.0006023622047243993,5076.94
syn3,0.0,pgmexplainer,100.0,1.0,0.5179179648789961,0.9958333333333332,0.4321754176577286,0.976782700421941,0.0,0.0,0.01837414689362049,-3.81720055884216e-05,0.9254841804504395,378.54,8.7873,5080.0,0.9254842519685041,378.54
syn3,0.0,random,100.0,1.0,0.009404388714733543,1.0,0.0047244094488188984,0.5003003856803797,0.0,0.0,0.01837414689362049,-1.001775308395736e-05,0.00019687414169311523,5079.0,0.0001,5080.0,0.00019685039370076485,5079.0
syn3,0.0,sa_node,100.0,1.0,0.00813187971567121,0.8641666666666667,0.004085160709949055,9.856276371307317e-05,0.0,0.0,-0.004338935017585754,-0.0006618034676648676,0.0006417190888896585,5076.74,0.0063,5080.0,0.0006417322834645511,5076.74
syn3,0.0,subgraphx,100.0,1.0,0.7153553146603625,0.6099999999999999,0.9176751026751027,-1.0,0.0,0.0,0.01659732311964035,-0.0036949641071259975,0.9768741130828857,117.48,0.9716,5080.0,0.9768740157480325,15.88
syn3,0.7,distance,100.0,1.0,0.020287432307047007,1.0,0.010247829393565095,0.988483732199367,0.0,0.0,0.01837414689362049,-0.00034202338429167867,0.6999997496604919,1524.0,0.0235,5080.0,0.009295275590551174,5032.78
syn3,0.7,gnnexplainer,100.0,1.0,0.7354244915175973,0.93,0.6906587629986837,0.9532978556830168,0.0,0.0,0.01837414689362049,-0.00011294901196379215,0.9734055399894714,135.1,4.6553,5080.0,0.9721535433070868,141.46
syn3,0.7,ig_node,100.0,1.0,0.0,0.0,0.0,0.3492879746835442,0.0,0.0,-0.0009962135227397084,0.01837414689362049,0.6999997496604919,1524.0,0.2961,5080.0,0.0004606299212598086,5077.66
syn3,0.7,occlusion,100.0,1.0,0.0652507005500041,0.6866666666666668,0.05165225147124636,0.7371829262262658,0.0,0.0,-0.002296919235959649,0.014901098795235157,0.7190470099449158,1427.24,0.4552,5080.0,0.06825984251968502,4733.24
syn3,0.7,pagerank,100.0,1.0,0.0310077519379845,1.0,0.015748031496062992,0.9998008966244726,0.0,0.0,0.01837414689362049,0.0,0.6999997496604919,1524.0,0.0307,5080.0,0.0006023622047243993,5076.94
syn3,0.7,pgmexplainer,100.0,1.0,0.5120152204138902,0.9716666666666666,0.4253671052481072,0.9695119659810126,0.0,0.0,0.01837414689362049,-0.0006383418804034591,0.9416062235832214,296.64,5.3375,5080.0,0.9254566929133862,378.68
syn3,0.7,random,100.0,1.0,0.00947383822487651,0.5158333333333334,0.004780824402949725,0.5061732347705695,0.0,0.0,-0.0032769388053566217,0.0051993997767567635,0.6999997496604919,1524.0,0.0001,5080.0,0.00019685039370076485,5079.0
syn3,0.7,sa_node,100.0,1.0,0.0,0.0,0.0,0.3492879746835442,0.0,0.0,0.0,0.01837414689362049,0.6999997496604919,1524.0,0.004,5080.0,0.0006456692913385675,5076.72
syn3,0.7,subgraphx,100.0,1.0,0.7153553146603625,0.6099999999999999,0.9176751026751027,-1.0,0.0,0.0,0.01661108061671257,-0.0036949641071259975,0.9908741116523743,46.36,0.9661,5080.0,0.9768740157480325,15.88
syn3,0.99,distance,100.0,1.0,0.46017676957393794,0.9441666666666667,0.3049564289751167,0.9331175830696202,0.0,0.0,0.01837414689362049,-0.0032040548976510763,0.9901574850082397,50.0,0.0212,5080.0,0.009295275590551174,5032.78
syn3,0.99,gnnexplainer,100.0,1.0,0.732548413852995,0.8316666666666666,0.6901070849385903,0.9032528596387128,0.0,0.0,0.015125520527362823,-0.00018052100494969636,0.9934803247451782,33.12,3.6295,5080.0,0.9721535433070868,141.46
syn3,0.99,ig_node,100.0,1.0,0.0,0.0,0.0,0.49505537974683556,0.0,0.0,-0.0005686217336915433,0.01837414689362049,0.9901574850082397,50.0,0.2006,5080.0,0.0004921259842519365,5077.5
syn3,0.99,occlusion,100.0,1.0,0.33411135555582305,0.5683333333333334,0.24182346479583852,0.7388945065268986,0.0,0.0,-0.0003826588508673012,0.015695758163928986,0.990346372127533,49.04,0.3619,5080.0,0.06825984251968502,4733.24
syn3,0.99,pagerank,100.0,1.0,0.645064011379801,0.995,0.47723076923076924,0.9973355089662448,0.0,0.0,0.01837414689362049,-0.0018252688460052013,0.9901574850082397,50.0,0.0258,5080.0,0.0006023622047243993,5076.94
syn3,0.99,pgmexplainer,100.0,1.0,0.5809385040888873,0.7708333333333333,0.49215248099916126,0.8838938884493669,0.0,0.0,0.016140766441822052,-0.0027801126707345247,0.9917755126953125,41.78,5.0842,5080.0,0.9246338582677166,382.86
syn3,0.99,random,100.0,1.0,0.007763088313061871,0.019999999999999997,0.004816326530612245,0.5002971304720465,0.0,0.0,-0.0007560330559499562,0.017918676137924194,0.9901574850082397,50.0,0.0,5080.0,0.00019685039370076485,5079.0
syn3,0.99,sa_node,100.0,1.0,0.0,0.0,0.0,0.49505537974683556,0.0,0.0,0.0,0.01837414689362049,0.9901574850082397,50.0,0.0055,5080.0,0.0006417322834645511,5076.74
syn3,0.99,subgraphx,100.0,1.0,0.7153553146603625,0.6099999999999999,0.9176751026751027,-1.0,0.0,0.0,0.01661108061671257,-0.0036949641071259975,0.9966771602630615,16.88,0.8435,5080.0,0.9768740157480325,15.88
syn3,0.997,distance,100.0,1.0,0.7824150686672425,0.73,0.8480842490842491,0.77233971189346,0.0,0.0,0.016923055052757263,-0.0035882270894944668,0.9970473647117615,15.0,0.0192,5080.0,0.009295275590551174,5032.78
syn3,0.997,gnnexplainer,100.0,1.0,0.6648753240318456,0.635,0.7035198135198136,0.7197624934071734,0.0,0.0,0.00187539157923311,0.001597505179233849,0.9970473647117615,15.0,2.5682,5080.0,0.9721535433070868,141.46
syn3,0.997,ig_node,100.0,1.0,0.0,0.0,0.0,0.4985166139240507,0.0,0.0,-0.00024062216107267886,0.01837414689362049,0.9970473647117615,15.0,0.2007,5080.0,0.0004921259842519365,5077.5
syn3,0.997,occlusion,100.0,1.0,0.35902958217306036,0.36416666666666664,0.35555638805638806,0.6040359226661393,0.0,0.0,-0.0002703666687011719,0.01837414689362049,0.9970473647117615,15.0,0.4587,5080.0,0.068255905511811,4733.26
syn3,0.997,pagerank,100.0,1.0,0.7809999999999998,0.6508333333333334,0.97625,0.805171166271097,0.0,0.0,0.01837414689362049,-0.004249983467161655,0.9970473647117615,15.0,0.0261,5080.0,0.0006023622047243993,5076.94
syn3,0.997,pgmexplainer,100.0,1.0,0.5530173160173161,0.4616666666666667,0.6896944444444445,0.7193832410337554,0.0,0.0,0.013145966455340385,-0.0032703811302781105,0.9970473647117615,15.0,8.5539,5080.0,0.9268622047244094,371.54
syn3,0.997,random,100.0,1.0,0.0044444444444444444,0.005,0.004,0.4997731243407174,0.0,0.0,-7.984697731444612e-05,0.01837414689362049,0.9970473647117615,15.0,0.0001,5080.0,0.00019685039370076485,5079.0
syn3,0.997,sa_node,100.0,1.0,0.0,0.0,0.0,0.4985166139240507,0.0,0.0,0.0,0.01837414689362049,0.9970473647117615,15.0,0.0041,5080.0,0.0006417322834645511,5076.74
syn3,0.997,subgraphx,100.0,1.0,0.6986272388714173,0.5783333333333333,0.9200367965367966,-1.0,0.0,0.0,0.01273000705987215,-0.0038848458789288998,0.9973267316818237,13.58,0.8334,5080.0,0.9768740157480325,15.88
syn4,0.0,distance,100.0,1.0,0.012320328542094458,1.0,0.0061983471074380184,0.998533437283437,1.0,0.0,0.9844945669174194,0.0,0.004979335702955723,1926.36,0.0072,1936.0,0.004979338842975205,1926.36
syn4,0.0,gnnexplainer,100.0,1.0,0.7796968542069497,1.0,0.6539945789504614,0.9981256496881497,1.0,0.0,0.9844944477081299,0.0,0.989886462688446,19.58,5.5196,1936.0,0.9898863636363642,19.58
syn4,0.0,ig_node,100.0,1.0,0.24670894521552825,1.0,0.18817617809425471,0.9978941441441439,1.0,0.0,0.9844945669174194,0.0,0.35747936367988586,1243.92,0.1812,1936.0,0.35747933884297495,1243.92
syn4,0.0,occlusion,100.0,1.0,0.012320328542094458,1.0,0.0061983471074380184,0.44530903499653507,1.0,0.27,0.9844996929168701,0.26101988554000854,0.0010743903694674373,1933.92,0.0669,1936.0,0.0010743801652892315,1933.92
syn4,0.0,pagerank,100.0,1.0,0.012335147754812027,1.0,0.006205848914809842,0.9994525294525296,1.0,0.0,0.9844944477081299,0.0,0.0012086891802027822,1933.66,0.018,1936.0,0.0012086776859503957,1933.66
syn4,0.0,pgmexplainer,100.0,1.0,0.6259083472937177,1.0,0.47261265945209274,0.9999073111573111,1.0,0.0,0.9844945669174194,0.0,0.9850826263427734,28.88,4.4323,1936.0,0.985082644628099,28.88
syn4,0.0,random,100.0,1.0,0.012320328542094458,1.0,0.0061983471074380184,0.4869884788634788,1.0,0.01,0.984494686126709,0.009978149086236954,0.0005165338516235352,1935.0,0.0,1936.0,0.0005165289256198191,1935.0
syn4,0.0,sa_node,100.0,1.0,0.01003351815901776,0.8133333333333332,0.005047895242805543,0.13274168399168396,1.0,0.36,0.9780396223068237,0.3521072268486023,0.0013533186865970492,1933.38,0.0036,1936.0,0.0013533057851239606,1933.38
syn4,0.0,subgraphx,100.0,1.0,0.707272727272727,0.6016666666666667,0.8619999999999999,0.8005058905058903,1.0,1.0,0.9844945669174194,0.9493544101715088,0.9956198334693909,8.48,0.2401,1936.0,0.9956198347107456,8.48
syn4,0.7,distance,100.0,1.0,0.035142457926212636,1.0,0.017885679770339197,0.9985334372834371,1.0,0.0,0.9844945669174194,0.0,0.7004133462905884,580.0,0.0071,1936.0,0.004979338842975205,1926.36
syn4,0.7,gnnexplainer,100.0,1.0,0.7796968542069497,1.0,0.6539945789504614,0.9979976611226611,1.0,0.0,0.9844945669174194,0.0,0.989886462688446,19.58,2.6118,1936.0,0.9898863636363642,19.58
syn4,0.7,ig_node,100.0,1.0,0.258404288508488,0.9983333333333333,0.19415217584360966,0.9984753984753983,1.0,0.0,0.9844945669174194,0.029286691918969154,0.8034504652023315,380.52,0.1464,1936.0,0.35747933884297495,1243.92
syn4,0.7,occlusion,100.0,1.0,0.019511752743344962,0.6416666666666667,0.009906498361406274,0.6389875693000693,0.99,0.83,0.9792123436927795,0.8245094418525696,0.7004133462905884,580.0,0.0599,1936.0,0.0010743801652892315,1933.92
syn4,0.7,pagerank,100.0,1.0,0.04051190299512446,1.0,0.02067473910269832,0.9994525294525296,1.0,0.0,0.9844945669174194,0.0,0.7004133462905884,580.0,0.0119,1936.0,0.0012086776859503957,1933.66
syn4,0.7,pgmexplainer,100.0,1.0,0.6259083472937177,1.0,0.47261265945209274,0.9998977823977825,1.0,0.0,0.9844945669174194,0.0,0.9850826263427734,28.88,4.8179,1936.0,0.985082644628099,28.88
syn4,0.7,random,100.0,1.0,0.012772576293839044,0.5316666666666666,0.006463941735137068,0.507089397089397,0.79,1.0,0.7718669176101685,0.9804295301437378,0.7004133462905884,580.0,0.0,1936.0,0.0005165289256198191,1935.0
syn4,0.7,sa_node,100.0,1.0,0.004011871404368098,0.13166666666666665,0.0020369691778406463,0.4352304227304227,0.06,1.0,0.19685661792755127,0.9844944477081299,0.7004133462905884,580.0,0.0051,1936.0,0.0013533057851239606,1933.38
syn4,0.7,subgraphx,100.0,1.0,0.7098181818181816,0.605,0.863,0.8021777546777545,1.0,1.0,0.9844945669174194,0.9497852921485901,0.9956094622612,8.5,0.261,1936.0,0.9956095041322331,8.5
syn4,0.99,distance,100.0,1.0,0.6726497370878175,0.98,0.5137342657342657,0.9556018277893279,1.0,0.33,0.9844944477081299,0.34301939606666565,0.9901859164237976,19.0,0.0091,1936.0,0.004979338842975205,1926.36
syn4,0.99,gnnexplainer,100.0,1.0,0.7766458151411713,0.9816666666666667,0.6542710622710624,0.9571238305613305,1.0,0.24,0.9819622039794922,0.22032779455184937,0.9910537600517273,17.32,2.5982,1936.0,0.9898863636363642,19.58
syn4,0.99,ig_node,100.0,1.0,0.7289083710407239,0.99,0.5791038961038961,0.9945824670824669,1.0,0.04,0.9844944477081299,0.08543824404478073,0.9902892112731934,18.8,0.2786,1936.0,0.35747933884297495,1243.92
syn4,0.99,occlusion,100.0,1.0,0.3976367016122029,0.6416666666666667,0.28862073710603114,0.7200225225225222,0.99,0.83,0.9748056530952454,0.8245094418525696,0.9901859164237976,19.0,0.0675,1936.0,0.0010743801652892315,1933.92
syn4,0.99,pagerank,100.0,1.0,0.74875,0.9983333333333334,0.5989999999999999,0.9957194213444214,1.0,0.06,0.9844945669174194,0.05622879043221474,0.9901859164237976,19.0,0.0128,1936.0,0.0012086776859503957,1933.66
syn4,0.99,pgmexplainer,100.0,1.0,0.7639924046541693,0.9983333333333334,0.6211493506493505,0.9986499480249481,1.0,0.06,0.9844944477081299,0.04123804718255997,0.9904286861419678,18.53,6.9566,1936.0,0.985082644628099,28.88
syn4,0.99,random,100.0,1.0,0.007233333333333334,0.015,0.004766081871345029,0.49882233194733194,0.04,1.0,0.03922079876065254,0.9844953417778015,0.9901859164237976,19.0,0.0,1936.0,0.0005165289256198191,1935.0
syn4,0.99,sa_node,100.0,1.0,0.08664258685930512,0.13166666666666665,0.0646095571095571,0.5618247574497576,0.06,1.0,0.19685649871826172,0.9844945669174194,0.9901859164237976,19.0,0.0028,1936.0,0.0013533057851239606,1933.38
syn4,0.99,subgraphx,100.0,1.0,0.6898181818181817,0.5866666666666667,0.841,0.7929643104643103,1.0,1.0,0.9844945669174194,0.9489234089851379,0.9956300258636475,8.46,0.2651,1936.0,0.9956301652892579,8.46
syn4,0.997,distance,100.0,1.0,0.6454343434343435,0.5266666666666667,0.8518333333333333,0.6815113911988909,0.96,1.0,0.9337102770805359,0.9183181524276733,0.9974172115325928,5.0,0.0072,1936.0,0.004979338842975205,1926.36
syn4,0.997,gnnexplainer,100.0,1.0,0.5403434343434343,0.4699999999999999,0.6428333333333334,0.6324462924462925,0.75,1.0,0.7266920208930969,0.9811148643493652,0.9974172115325928,5.0,2.5735,1936.0,0.9898863636363642,19.58
syn4,0.997,ig_node,100.0,1.0,0.64,0.48,0.96,0.7007960845460843,0.86,1.0,0.865814745426178,0.9011911153793335,0.9974172115325928,5.0,0.1802,1936.0,0.35747933884297495,1243.92
syn4,0.997,occlusion,100.0,1.0,0.6591515151515153,0.5466666666666666,0.846,0.676931306306306,0.99,1.0,0.9790287017822266,0.979712724685669,0.9974172115325928,5.0,0.0965,1936.0,0.0010743801652892315,1933.92
syn4,0.997,pagerank,100.0,1.0,0.6088888888888888,0.4566666666666667,0.9133333333333334,0.6957709632709631,1.0,1.0,0.9806602001190186,0.8800380229949951,0.9974172115325928,5.0,0.012,1936.0,0.0012086776859503957,1933.66
syn4,0.997,pgmexplainer,100.0,1.0,0.6422222222222222,0.4816666666666667,0.9633333333333334,0.7003633922383921,0.85,1.0,0.8382551670074463,0.8947755694389343,0.9974172115325928,5.0,4.1317,1936.0,0.985082644628099,28.88
syn4,0.997,random,100.0,1.0,0.005454545454545454,0.005,0.006000000000000001,0.49995841995841983,0.0,1.0,6.841540016466752e-05,0.984494686126709,0.9974172115325928,5.0,0.0,1936.0,0.0005165289256198191,1935.0
syn4,0.997,sa_node,100.0,1.0,0.16888888888888887,0.12833333333333333,0.2483333333333333,0.5628941441441441,0.04,1.0,0.18147842586040497,0.9844945669174194,0.9974172115325928,5.0,0.0038,1936.0,0.0013533057851239606,1933.38
syn4,0.997,subgraphx,100.0,1.0,0.6338383838383838,0.505,0.8631666666666667,0.6798232848232846,1.0,1.0,0.972562313079834,0.9590044617652893,0.9974172115325928,5.0,0.2686,1936.0,0.9956301652892579,8.46
syn5,0.0,distance,100.0,1.0,0.013978194199510453,1.0,0.007038288381314278,0.9982091701122267,1.0,0.0,0.8666999340057373,0.0,0.0012199401389807463,3405.84,0.015,3410.0,0.0012199413489736243,3405.84
syn5,0.0,gnnexplainer,100.0,1.0,0.7843449844654249,0.9283333333333332,0.70904666001258,0.9622631792675724,1.0,0.0,0.8666999340057373,0.0,0.989724338054657,35.04,2.7594,3410.0,0.989724340175953,35.04
syn5,0.0,ig_node,100.0,1.0,0.5441641435099447,0.9975,0.43911497244672126,0.9932053553849184,1.0,0.03,0.8666999340057373,0.018076881766319275,0.7780938744544983,756.7,0.1905,3410.0,0.7780938416422291,756.7
syn5,0.0,occlusion,100.0,1.0,0.013977868375072804,1.0,0.007038123167155424,0.18068000590667452,1.0,0.0,0.8666999340057373,0.0,0.002346038818359375,3402.0,0.1285,3410.0,0.002346041055718473,3402.0
syn5,0.0,pagerank,100.0,1.0,0.013989603662715639,1.0,0.0070440737404863125,0.9994994093325457,1.0,0.0,0.8666999340057373,0.0,0.0008445739513263106,3407.12,0.0187,3410.0,0.0008445747800586767,3407.12
syn5,0.0,pgmexplainer,100.0,1.0,0.658149178140985,1.0,0.5222228395483689,0.9991733116755266,1.0,0.0,0.8666999340057373,0.0,0.9833784699440002,56.68,5.9012,3410.0,0.9833782991202349,56.68
syn5,0.0,random,100.0,1.0,0.013977868375072804,1.0,0.007038123167155424,0.4937226816302423,1.0,0.0,0.8666999340057373,0.00015641390928067267,0.0002932548522949219,3409.0,0.0,3410.0,0.0002932551319647647,3409.0
syn5,0.0,sa_node,100.0,1.0,0.658149178140985,1.0,0.5222228395483689,0.9994147469974404,1.0,0.0,0.8666999340057373,0.0,0.9833784699440002,56.68,0.0059,3410.0,0.9833782991202349,56.68
syn5,0.0,subgraphx,100.0,1.0,0.6359805905137174,0.5008333333333334,0.9132228327228327,0.750251279779484,1.0,0.72,0.8675405979156494,0.5566129088401794,0.9961467981338501,13.14,3.5319,3410.0,0.9961466275659838,13.14
syn5,0.7,distance,100.0,1.0,0.037848955802412994,1.0,0.01928962458505107,0.9982091701122268,1.0,0.0,0.8666999340057373,0.0,0.6999997496604919,1023.0,0.0144,3410.0,0.0012199413489736243,3405.84
syn5,0.7,gnnexplainer,100.0,1.0,0.7843449844654249,0.9283333333333332,0.70904666001258,0.9622672401063203,1.0,0.0,0.8666999340057373,0.0,0.989724338054657,35.04,2.6745,3410.0,0.989724340175953,35.04
syn5,0.7,ig_node,100.0,1.0,0.5496790345509825,0.9941666666666665,0.4419508076320399,0.9952518950580824,1.0,0.05,0.8666999340057373,0.028716053813695908,0.9248124957084656,256.39,0.3316,3410.0,0.7780938416422291,756.7
syn5,0.7,occlusion,100.0,1.0,0.012730467970474845,0.31166666666666665,0.006497944115038909,0.45532154459539276,0.74,1.0,0.6107132434844971,0.8678476810455322,0.6999997496604919,1023.0,0.1573,3410.0,0.002346041055718473,3402.0
syn5,0.7,pagerank,100.0,1.0,0.045801526717557266,1.0,0.0234375,0.9994994093325457,1.0,0.0,0.8666999340057373,0.0,0.6999997496604919,1023.0,0.0215,3410.0,0.0008445747800586767,3407.12
syn5,0.7,pgmexplainer,100.0,1.0,0.658149178140985,1.0,0.5222228395483689,0.999292183500689,1.0,0.0,0.8666999340057373,0.0,0.9833784699440002,56.68,6.3058,3410.0,0.9833782991202349,56.68
syn5,0.7,random,100.0,1.0,0.0141993308997695,0.5216666666666667,0.007197631587002433,0.5001233018310692,0.87,1.0,0.7337920665740967,0.8691631555557251,0.6999997496604919,1023.0,0.0,3410.0,0.0002932551319647647,3409.0
syn5,0.7,sa_node,100.0,1.0,0.658149178140985,1.0,0.5222228395483689,0.9994149931088798,1.0,0.0,0.8666999340057373,0.0,0.9833784699440002,56.68,0.0043,3410.0,0.9833782991202349,56.68
syn5,0.7,subgraphx,100.0,1.0,0.629630465812287,0.49499999999999994,0.9072059884559885,0.7473227997637331,1.0,0.74,0.8675140142440796,0.5700312852859497,0.9961643218994141,13.08,3.2095,3410.0,0.9961642228739018,13.08
syn5,0.99,distance,100.0,1.0,0.7000034397694567,0.9633333333333333,0.5514309158423574,0.9419502485725536,1.0,0.42,0.8666999340057373,0.342007040977478,0.9900292754173279,34.0,0.0125,3410.0,0.0012199413489736243,3405.84
syn5,0.99,gnnexplainer,100.0,1.0,0.7780844105629646,0.8958333333333333,0.7090849195221856,0.9161254676117346,1.0,0.26,0.8649278879165649,0.2267998456954956,0.9913548231124878,29.48,3.6556,3410.0,0.989724340175953,35.04
syn5,0.99,ig_node,100.0,1.0,0.7994096770119016,0.955,0.6916367483565626,0.9764112029927151,1.0,0.36,0.8666999340057373,0.2922224700450897,0.9903813004493713,32.8,0.1894,3410.0,0.7780938416422291,756.7
syn5,0.99,occlusion,100.0,1.0,0.1827613443743475,0.285,0.13470354749919966,0.5673528253593227,0.74,1.0,0.6107132434844971,0.8678476810455322,0.9900292754173279,34.0,0.1385,3410.0,0.002346041055718473,3402.0
syn5,0.99,pagerank,100.0,1.0,0.8124137931034485,0.9816666666666666,0.6929411764705882,0.9903932860799369,1.0,0.29,0.8666999340057373,0.22407768666744232,0.9900292754173279,34.0,0.0198,3410.0,0.0008445747800586767,3407.12
syn5,0.99,pgmexplainer,100.0,1.0,0.8074534293292914,0.9591666666666666,0.7010467930762049,0.9786330970663516,1.0,0.19,0.8666999340057373,0.14344672858715057,0.9903813004493713,32.8,9.303,3410.0,0.9833782991202349,56.68
syn5,0.99,random,100.0,1.0,0.009603864734299517,0.01833333333333333,0.006506238859180035,0.4995995766883246,0.02,1.0,0.017144834622740746,0.8667792677879333,0.9900292754173279,34.0,0.0,3410.0,0.0002932551319647647,3409.0
syn5,0.99,sa_node,100.0,1.0,0.8115861694108635,0.97,0.7018397067328958,0.9841068615869265,1.0,0.33,0.8666999340057373,0.24183645844459534,0.9903813004493713,32.8,0.0047,3410.0,0.9833782991202349,56.68
syn5,0.99,subgraphx,100.0,1.0,0.6304754905845563,0.4966666666666667,0.9035710678210678,0.748147273085253,1.0,0.74,0.8675755858421326,0.5731568336486816,0.9961349368095398,13.18,4.5897,3410.0,0.9961348973607052,13.18
syn5,0.997,distance,100.0,1.0,0.6627625882889042,0.5416666666666667,0.8594325396825397,0.6819063176806456,0.93,1.0,0.8039605617523193,0.8655093312263489,0.9970675706863403,10.0,0.0123,3410.0,0.0012199413489736243,3405.84
syn5,0.997,gnnexplainer,100.0,1.0,0.5750652388547125,0.4883333333333333,0.7056507936507938,0.6455951589879898,0.81,1.0,0.6895405650138855,0.8682554364204407,0.9970675706863403,10.0,2.5653,3410.0,0.989724340175953,35.04
syn5,0.997,ig_node,100.0,1.0,0.5322635018919848,0.3808333333333333,0.8869047619047619,0.6848365820043315,0.8,0.91,0.6983481049537659,0.7867624163627625,0.9970675706863403,10.0,0.2276,3410.0,0.7780938416422291,756.7
syn5,0.997,occlusion,100.0,1.0,0.3163982683982684,0.285,0.3562222222222223,0.5703918094113016,0.74,1.0,0.6107132434844971,0.8678476810455322,0.9970675706863403,10.0,0.1517,3410.0,0.002346041055718473,3402.0
syn5,0.997,pagerank,100.0,1.0,0.5529411764705882,0.39333333333333337,0.932,0.6936589387674738,1.0,0.99,0.8666999340057373,0.8185575008392334,0.9970675706863403,10.0,0.0201,3410.0,0.0008445747800586767,3407.12
syn5,0.997,pgmexplainer,100.0,1.0,0.5411764705882351,0.3833333333333333,0.9199999999999998,0.691550748178775,0.9,0.94,0.7558642029762268,0.753032922744751,0.9970675706863403,10.0,10.6972,3410.0,0.9833782991202349,56.68
syn5,0.997,random,100.0,1.0,0.005454545454545454,0.005,0.006000000000000001,0.49978268359913364,0.01,1.0,0.005230986978858709,0.8666999340057373,0.9970675706863403,10.0,0.0,3410.0,0.0002932551319647647,3409.0
syn5,0.997,sa_node,100.0,1.0,0.562549019607843,0.40166666666666656,0.941,0.6959663565662529,0.97,0.96,0.8235204219818115,0.7876510620117188,0.9970675706863403,10.0,0.0039,3410.0,0.9833782991202349,56.68
syn5,0.997,subgraphx,100.0,1.0,0.5909806501547987,0.44416666666666665,0.8972857142857141,0.687568049812955,0.97,0.98,0.8309604525566101,0.7917625308036804,0.9970793128013611,9.96,3.2824,3410.0,0.9961055718475087,13.28
syn6,0.0,distance,100.0,1.0,0.005118005926259403,1.0,0.0025655689146200744,0.998937277805993,0.64,0.0,0.5895732641220093,0.0,0.03884498029947281,3794.64,0.0137,3948.0,0.03884498480243162,3794.64
syn6,0.0,gnnexplainer,100.0,1.0,0.3268608540810532,1.0,0.2141141380840201,0.9669391823260537,0.64,0.0,0.5895732641220093,0.0,0.9335106015205383,262.5,2.5999,3948.0,0.9335106382978721,262.5
syn6,0.0,ig_node,100.0,1.0,0.004260608193795038,0.84,0.00213572138117614,0.38690248857287957,0.23,0.45,0.24364405870437622,0.3796985149383545,0.003150955541059375,3935.56,0.16,3948.0,0.003150962512664616,3935.56
syn6,0.0,occlusion,100.0,1.0,0.005053057099545225,1.0,0.002532928064842958,0.03924987303199594,1.0,0.0,0.8719845414161682,-0.044505368918180466,0.00027358054649084806,3946.92,0.6242,3948.0,0.00027355623100307815,3946.92
syn6,0.0,pagerank,100.0,1.0,0.00505561172901921,1.0,0.0025342118601115048,0.9997613001523616,0.64,0.0,0.5895732641220093,0.0,0.0005065798759460449,3946.0,0.021,3948.0,0.0005065856129685686,3946.0
syn6,0.0,pgmexplainer,100.0,1.0,0.0486509415594681,1.0,0.0252239775820003,0.9807770441848653,0.64,0.0,0.5895732641220093,-0.0003166574169881642,0.7801418304443359,868.0,3.9678,3948.0,0.7801418439716314,868.0
syn6,0.0,random,100.0,1.0,0.005053057099545225,1.0,0.002532928064842958,0.49913598273235144,0.64,0.0,0.5895732641220093,3.075599579460686e-07,0.00025331974029541016,3947.0,0.0001,3948.0,0.00025329280648433983,3947.0
syn6,0.0,sa_node,100.0,1.0,0.0035699983582687255,0.7059999999999998,0.001789523681258861,0.11219045200609445,0.63,0.04,0.5752780437469482,0.0577111542224884,0.0007497381884604692,3945.04,0.0036,3948.0,0.0007497467071934815,3945.04
syn6,0.0,subgraphx,100.0,1.0,0.7704999999999999,0.738,0.818,-1.0,0.63,0.03,0.5796018838882446,0.036186836659908295,0.9877456426620483,48.38,3.493,3948.0,0.9877456940222907,8.9
syn6,0.7,distance,100.0,1.0,0.01013840077165713,1.0,0.005095070652365953,0.998937277805993,0.64,0.01,0.5895732641220093,0.005222312640398741,0.700101375579834,1184.0,0.0139,3948.0,0.03884498480243162,3794.64
syn6,0.7,gnnexplainer,100.0,1.0,0.32687577808865487,0.998,0.21412177110439384,0.9646870238699851,0.62,0.02,0.5714620351791382,0.014036091975867748,0.9380141496658325,244.72,3.7089,3948.0,0.9335106382978721,262.5
syn6,0.7,ig_node,100.0,1.0,0.004447546216858107,0.38800000000000007,0.0022368020943287627,0.6006642965972574,0.01,0.65,-0.008630316704511642,0.6035955548286438,0.700101375579834,1184.0,0.1595,3948.0,0.003150962512664616,3935.56
syn6,0.7,occlusion,100.0,1.0,0.0003872412943232711,0.034,0.00019473064485638292,0.36074238191975616,0.07,0.56,0.062125224620103836,0.5170621871948242,0.700101375579834,1184.0,0.5967,3948.0,0.00027355623100307815,3946.92
syn6,0.7,pagerank,100.0,1.0,0.01675041876046901,1.0,0.008445945945945945,0.9997613001523616,0.64,0.0,0.5895732641220093,2.6282072212779894e-05,0.700101375579834,1184.0,0.0193,3948.0,0.0005065856129685686,3946.0
syn6,0.7,pgmexplainer,100.0,1.0,0.05072648555054175,0.9940000000000001,0.026295732058959503,0.9823875063484002,0.64,0.01,0.5895732641220093,-0.00038796395529061556,0.8492755889892578,595.06,3.5511,3948.0,0.7802634245187439,867.52
syn6,0.7,random,100.0,1.0,0.005461351242632016,0.5519999999999999,0.0027442522759034455,0.5148896648044692,0.32,0.41,0.28988802433013916,0.38752198219299316,0.700101375579834,1184.0,0.0001,3948.0,0.00025329280648433983,3947.0
syn6,0.7,sa_node,100.0,1.0,0.001460359586701155,0.11199999999999999,0.0007351660259816504,0.42262061960385977,0.01,0.64,0.01146591454744339,0.5895732641220093,0.700101375579834,1184.0,0.0033,3948.0,0.0007497467071934815,3945.04
syn6,0.7,subgraphx,100.0,1.0,0.7554444444444444,0.722,0.8085000000000001,-1.0,0.63,0.04,0.579176664352417,0.042932964861392975,0.9947669506072998,20.66,3.3482,3948.0,0.9877659574468095,8.82
syn6,0.99,distance,100.0,1.0,0.2658352519221355,0.996,0.15343988028272837,0.9932224479431184,0.64,0.02,0.5895732641220093,-0.0010190713219344616,0.9901216626167297,39.0,0.0159,3948.0,0.03884498480243162,3794.64
syn6,0.99,gnnexplainer,100.0,1.0,0.32455860990371477,0.7179999999999999,0.21391359612547364,0.8280074911122397,0.42,0.21,0.37883543968200684,0.2073570042848587,0.9913018941879272,34.34,2.6824,3948.0,0.9335106382978721,262.5
syn6,0.99,ig_node,100.0,1.0,0.11486782479332387,0.35,0.06889740519852412,0.6707610462163534,0.01,0.65,-0.0075109428726136684,0.6077059507369995,0.9901216626167297,39.0,0.1597,3948.0,0.003150962512664616,3935.56
syn6,0.99,occlusion,100.0,1.0,0.007943330067550148,0.034,0.004497300944669365,0.5036493143727782,0.07,0.56,0.062125224620103836,0.5170621871948242,0.9901216626167297,39.0,0.5155,3948.0,0.00027355623100307815,3946.92
syn6,0.99,pagerank,100.0,1.0,0.3991999999999999,0.998,0.2495,0.99876968004063,0.64,0.02,0.5895732641220093,0.04347578436136246,0.9901216626167297,39.0,0.0235,3948.0,0.0005065856129685686,3946.0
syn6,0.99,pgmexplainer,100.0,1.0,0.2690381821477843,0.7260000000000001,0.1655030480832507,0.8587732351447436,0.58,0.14,0.5409884452819824,0.12374888360500336,0.9901216626167297,39.0,5.6761,3948.0,0.7799797365754815,868.64
syn6,0.99,random,100.0,1.0,0.004545454545454546,0.02,0.0025641025641025637,0.5000733875063486,0.0,0.64,0.0009133428102359176,0.5900993943214417,0.9901216626167297,39.0,0.0,3948.0,0.00025329280648433983,3947.0
syn6,0.99,sa_node,100.0,1.0,0.0369657351260054,0.11199999999999999,0.02229454117906565,0.5517166074149316,0.01,0.64,0.008058395236730576,0.5895732641220093,0.9901216626167297,39.0,0.0038,3948.0,0.0007497467071934815,3945.04
syn6,0.99,subgraphx,100.0,1.0,0.7661111111111109,0.736,0.8049999999999998,-1.0,0.63,0.04,0.5799919366836548,0.04122420772910118,0.9976215362548828,9.39,2.9712,3948.0,0.9877203647416423,9.0
syn6,0.997,distance,100.0,1.0,0.7304141691641692,0.9520000000000001,0.5974531024531025,0.8652105129507364,0.48,0.31,0.437496155500412,0.27628201246261597,0.9972137212753296,11.0,0.0171,3948.0,0.03884498480243162,3794.64
syn6,0.997,gnnexplainer,100.0,1.0,0.2633553113553113,0.37400000000000005,0.20425072150072152,0.610897282884713,0.26,0.61,0.227455273270607,0.5410222411155701,0.9972137212753296,11.0,2.5988,3948.0,0.9335106382978721,262.5
syn6,0.997,ig_node,100.0,1.0,0.1846969696969697,0.218,0.16047619047619047,0.6074781615033013,0.02,0.64,0.0010779943550005555,0.6217052936553955,0.9972137212753296,11.0,0.1922,3948.0,0.003150962512664616,3935.56
syn6,0.997,occlusion,100.0,1.0,0.021833333333333337,0.034,0.01609090909090909,0.5071439817166074,0.07,0.56,0.062125224620103836,0.5170621871948242,0.9972137212753296,11.0,0.5959,3948.0,0.00027355623100307815,3946.92
syn6,0.997,pagerank,100.0,1.0,0.9018181818181817,0.992,0.8266666666666665,0.9458059928897917,0.64,0.01,0.5895732641220093,-0.011860424652695656,0.9972137212753296,11.0,0.0205,3948.0,0.0005065856129685686,3946.0
syn6,0.997,pgmexplainer,100.0,1.0,0.4634632034632034,0.512,0.4236507936507936,0.7433682072117825,0.55,0.22,0.4970097243785858,0.21607652306556702,0.9972137212753296,11.0,3.7949,3948.0,0.7812816616008107,863.5
syn6,0.997,random,100.0,1.0,0.0012500000000000002,0.002,0.0009090909090909091,0.4991038598273235,0.0,0.64,7.523238309659064e-05,0.5895732641220093,0.9972137212753296,11.0,0.0001,3948.0,0.00025329280648433983,3947.0
syn6,0.997,sa_node,100.0,1.0,0.09315984015984015,0.11199999999999999,0.08058333333333334,0.5548735398679533,0.01,0.64,0.0048645250499248505,0.5895732641220093,0.9972137212753296,11.0,0.0031,3948.0,0.0007497467071934815,3945.04
syn6,0.997,subgraphx,100.0,1.0,0.7810555555555554,0.752,0.8229999999999998,-1.0,0.62,0.05,0.5729320049285889,0.05048013851046562,0.9976974725723267,9.09,3.0245,3948.0,0.987725430597772,8.98
