dataset,true_label_as_target,hard_mask,sparsity,explainer_name,num_test,fidelity_acc+,fidelity_acc-,fidelity_prob+,fidelity_prob-,fidelity_gnn_acc+,fidelity_gnn_acc-,fidelity_gnn_prob+,fidelity_gnn_prob-,mask_sparsity,expl_edges,time,number_of_edges,mask_sparsity_init,non_zero_values_init
citeseer,False,False,0.0,distance,100.0,-1.0,-1.0,-1.0,-1.0,0.34,0.09,0.5111208558082581,0.24513426423072815,0.5269769430160522,5880.15,0.9906,12431.0,0.5269769125573167,5880.15
citeseer,False,False,0.0,gnnexplainer,100.0,-1.0,-1.0,-1.0,-1.0,0.49,0.02,0.49164795875549316,0.2415536493062973,0.9944823980331421,68.59,1.2559,12431.0,0.9944823425307701,68.59
citeseer,False,False,0.0,occlusion,100.0,-1.0,-1.0,-1.0,-1.0,0.83,0.01,0.6196697354316711,0.09933897852897644,0.9944823980331421,68.59,1.1656,12431.0,0.9944823425307701,68.59
citeseer,False,False,0.0,pagerank,100.0,-1.0,-1.0,-1.0,-1.0,0.53,0.03,0.5488944053649902,0.1741933822631836,0.00010217606904916465,12429.73,1.0584,12431.0,0.00010216394497623348,12429.73
citeseer,False,False,0.0,pgmexplainer,100.0,-1.0,-1.0,-1.0,-1.0,0.73,0.01,0.6080889105796814,0.03893027454614639,0.9880276322364807,148.83,28.4269,12431.0,0.9880275118654979,148.83
citeseer,False,False,0.0,random,100.0,-1.0,-1.0,-1.0,-1.0,0.16,0.23,0.3922025263309479,0.38736987113952637,8.046627044677734e-05,12430.0,0.0001,12431.0,8.044405116236497e-05,12430.0
citeseer,False,False,0.0,subgraphx,100.0,-1.0,-1.0,-1.0,-1.0,0.47,0.22,0.34908226132392883,0.28214073181152344,0.999570369720459,5.34,249.5604,12431.0,0.9995704287667934,5.34
citeseer,False,False,0.7,distance,100.0,-1.0,-1.0,-1.0,-1.0,0.34,0.09,0.5111208558082581,0.24513423442840576,0.8137101531028748,2315.77,0.6682,12431.0,0.5269769125573167,5880.15
citeseer,False,False,0.7,gnnexplainer,100.0,-1.0,-1.0,-1.0,-1.0,0.49,0.03,0.4938957989215851,0.26920706033706665,0.9944823980331421,68.59,1.2345,12431.0,0.9944823425307701,68.59
citeseer,False,False,0.7,occlusion,100.0,-1.0,-1.0,-1.0,-1.0,0.83,0.01,0.6196697354316711,0.09933897852897644,0.9944823980331421,68.59,1.1892,12431.0,0.9944823425307701,68.59
citeseer,False,False,0.7,pagerank,100.0,-1.0,-1.0,-1.0,-1.0,0.53,0.03,0.5488944053649902,0.1741933822631836,0.7000242471694946,3729.0,1.1331,12431.0,0.00010216394497623348,12429.73
citeseer,False,False,0.7,pgmexplainer,100.0,-1.0,-1.0,-1.0,-1.0,0.73,0.01,0.6080889105796814,0.03893027454614639,0.9880276322364807,148.83,30.0483,12431.0,0.9880275118654979,148.83
citeseer,False,False,0.7,random,100.0,-1.0,-1.0,-1.0,-1.0,0.18,0.52,0.19842121005058289,0.5392251014709473,0.7000242471694946,3729.0,0.0002,12431.0,8.044405116236497e-05,12430.0
citeseer,False,False,0.7,subgraphx,100.0,-1.0,-1.0,-1.0,-1.0,0.47,0.22,0.34908226132392883,0.28214073181152344,0.999570369720459,5.34,261.4561,12431.0,0.9995704287667934,5.34
citeseer,False,False,0.99,distance,100.0,-1.0,-1.0,-1.0,-1.0,0.34,0.1,0.49244099855422974,0.2641076445579529,0.9935107231140137,80.67,0.9928,12431.0,0.5269769125573167,5880.15
citeseer,False,False,0.99,gnnexplainer,100.0,-1.0,-1.0,-1.0,-1.0,0.46,0.06,0.4583057761192322,0.30295678973197937,0.9970670938491821,36.46,0.8866,12431.0,0.9944823425307701,68.59
citeseer,False,False,0.99,occlusion,100.0,-1.0,-1.0,-1.0,-1.0,0.76,0.03,0.5723575353622437,0.14912943542003632,0.9970670938491821,36.46,1.2043,12431.0,0.9944823425307701,68.59
citeseer,False,False,0.99,pagerank,100.0,-1.0,-1.0,-1.0,-1.0,0.53,0.03,0.5473922491073608,0.17707309126853943,0.9900250434875488,124.0,1.016,12431.0,0.00010216394497623348,12429.73
citeseer,False,False,0.99,pgmexplainer,100.0,-1.0,-1.0,-1.0,-1.0,0.72,0.01,0.5895161628723145,0.05380982533097267,0.9958274364471436,51.87,29.9859,12431.0,0.9880275118654979,148.83
citeseer,False,False,0.99,random,100.0,-1.0,-1.0,-1.0,-1.0,0.01,0.82,0.003279539290815592,0.628424882888794,0.9900250434875488,124.0,0.0002,12431.0,8.044405116236497e-05,12430.0
citeseer,False,False,0.99,subgraphx,100.0,-1.0,-1.0,-1.0,-1.0,0.47,0.22,0.34908226132392883,0.28214073181152344,0.999570369720459,5.34,306.4427,12431.0,0.9995704287667934,5.34
citeseer,False,False,0.997,distance,100.0,-1.0,-1.0,-1.0,-1.0,0.33,0.16,0.45597511529922485,0.29555344581604004,0.9978602528572083,26.6,1.0093,12431.0,0.5269769125573167,5880.15
citeseer,False,False,0.997,gnnexplainer,100.0,-1.0,-1.0,-1.0,-1.0,0.43,0.11,0.4387616813182831,0.3096161484718323,0.9983662962913513,20.31,0.7103,12431.0,0.9944823425307701,68.59
citeseer,False,False,0.997,occlusion,100.0,-1.0,-1.0,-1.0,-1.0,0.68,0.07,0.5283309817314148,0.23271209001541138,0.9983662962913513,20.31,1.1766,12431.0,0.9944823425307701,68.59
citeseer,False,False,0.997,pagerank,100.0,-1.0,-1.0,-1.0,-1.0,0.53,0.03,0.5444080233573914,0.18238455057144165,0.9970236420631409,37.0,0.9982,12431.0,0.00010216394497623348,12429.73
citeseer,False,False,0.997,pgmexplainer,100.0,-1.0,-1.0,-1.0,-1.0,0.68,0.01,0.5673186182975769,0.08005725592374802,0.9981241822242737,23.32,29.8298,12431.0,0.9880275118654979,148.83
citeseer,False,False,0.997,random,100.0,-1.0,-1.0,-1.0,-1.0,0.01,0.82,0.0027024203445762396,0.6284458041191101,0.9970236420631409,37.0,0.0002,12431.0,8.044405116236497e-05,12430.0
citeseer,False,True,0.0,distance,100.0,-1.0,-1.0,-1.0,-1.0,0.82,0.08,0.6288793087005615,0.15019550919532776,0.5269769430160522,5880.15,0.9895,12431.0,0.5269769125573167,5880.15
citeseer,False,True,0.0,gnnexplainer,100.0,-1.0,-1.0,-1.0,-1.0,0.82,0.08,0.6288793087005615,0.15019549429416656,0.9944823980331421,68.59,0.8697,12431.0,0.9944823425307701,68.59
citeseer,False,True,0.0,occlusion,100.0,-1.0,-1.0,-1.0,-1.0,0.82,0.08,0.6288793087005615,0.15019549429416656,0.9944823980331421,68.59,1.1753,12431.0,0.9944823425307701,68.59
citeseer,False,True,0.0,pagerank,100.0,-1.0,-1.0,-1.0,-1.0,0.82,0.08,0.6288793087005615,0.15019549429416656,0.00010217606904916465,12429.73,0.9133,12431.0,0.00010216394497623348,12429.73
citeseer,False,True,0.0,pgmexplainer,100.0,-1.0,-1.0,-1.0,-1.0,0.82,0.08,0.6288793087005615,0.1501993089914322,0.9880276322364807,148.83,31.6841,12431.0,0.9880275118654979,148.83
citeseer,False,True,0.0,random,100.0,-1.0,-1.0,-1.0,-1.0,0.82,0.08,0.6288793087005615,0.15019549429416656,8.046627044677734e-05,12430.0,0.0001,12431.0,8.044405116236497e-05,12430.0
citeseer,False,True,0.0,subgraphx,100.0,-1.0,-1.0,-1.0,-1.0,0.5,0.19,0.34112218022346497,0.2424190640449524,0.999570369720459,5.34,337.811,12431.0,0.9995704287667934,5.34
citeseer,False,True,0.7,distance,100.0,-1.0,-1.0,-1.0,-1.0,0.82,0.08,0.6288793087005615,0.15019549429416656,0.8137101531028748,2315.77,0.9933,12431.0,0.5269769125573167,5880.15
citeseer,False,True,0.7,gnnexplainer,100.0,-1.0,-1.0,-1.0,-1.0,0.82,0.08,0.6288793087005615,0.15019549429416656,0.9944823980331421,68.59,1.1927,12431.0,0.9944823425307701,68.59
citeseer,False,True,0.7,occlusion,100.0,-1.0,-1.0,-1.0,-1.0,0.82,0.08,0.6288793087005615,0.15019549429416656,0.9944823980331421,68.59,1.1792,12431.0,0.9944823425307701,68.59
citeseer,False,True,0.7,pagerank,100.0,-1.0,-1.0,-1.0,-1.0,0.82,0.08,0.6288793087005615,0.15019549429416656,0.7000242471694946,3729.0,1.0176,12431.0,0.00010216394497623348,12429.73
citeseer,False,True,0.7,pgmexplainer,100.0,-1.0,-1.0,-1.0,-1.0,0.82,0.08,0.6288793087005615,0.1501993089914322,0.9880276322364807,148.83,29.3229,12431.0,0.9880275118654979,148.83
citeseer,False,True,0.7,random,100.0,-1.0,-1.0,-1.0,-1.0,0.2,0.43,0.2090526819229126,0.32304492592811584,0.7000242471694946,3729.0,0.0002,12431.0,8.044405116236497e-05,12430.0
citeseer,False,True,0.7,subgraphx,100.0,-1.0,-1.0,-1.0,-1.0,0.5,0.19,0.34112218022346497,0.2424190640449524,0.999570369720459,5.34,241.3362,12431.0,0.9995704287667934,5.34
citeseer,False,True,0.99,distance,100.0,-1.0,-1.0,-1.0,-1.0,0.78,0.08,0.5965526103973389,0.15019549429416656,0.9935107231140137,80.67,0.9932,12431.0,0.5269769125573167,5880.15
citeseer,False,True,0.99,gnnexplainer,100.0,-1.0,-1.0,-1.0,-1.0,0.74,0.11,0.544605016708374,0.17706379294395447,0.9970670938491821,36.46,1.2396,12431.0,0.9944823425307701,68.59
citeseer,False,True,0.99,occlusion,100.0,-1.0,-1.0,-1.0,-1.0,0.73,0.09,0.5425812005996704,0.15816420316696167,0.9970670938491821,36.46,1.1886,12431.0,0.9944823425307701,68.59
citeseer,False,True,0.99,pagerank,100.0,-1.0,-1.0,-1.0,-1.0,0.82,0.08,0.6288793087005615,0.15019549429416656,0.9900250434875488,124.0,0.9956,12431.0,0.00010216394497623348,12429.73
citeseer,False,True,0.99,pgmexplainer,100.0,-1.0,-1.0,-1.0,-1.0,0.78,0.08,0.6007630825042725,0.1501993089914322,0.9958274364471436,51.87,30.0305,12431.0,0.9880275118654979,148.83
citeseer,False,True,0.99,random,100.0,-1.0,-1.0,-1.0,-1.0,0.08,0.8,0.14738087356090546,0.6192176938056946,0.9900250434875488,124.0,0.0002,12431.0,8.044405116236497e-05,12430.0
citeseer,False,True,0.99,subgraphx,100.0,-1.0,-1.0,-1.0,-1.0,0.5,0.19,0.34112218022346497,0.2424190640449524,0.999570369720459,5.34,303.3046,12431.0,0.9995704287667934,5.34
citeseer,False,True,0.997,distance,100.0,-1.0,-1.0,-1.0,-1.0,0.73,0.08,0.5452541708946228,0.16030891239643097,0.9978602528572083,26.6,1.0062,12431.0,0.5269769125573167,5880.15
citeseer,False,True,0.997,gnnexplainer,100.0,-1.0,-1.0,-1.0,-1.0,0.61,0.14,0.4729068875312805,0.21234647929668427,0.9983662962913513,20.31,0.8655,12431.0,0.9944823425307701,68.59
citeseer,False,True,0.997,occlusion,100.0,-1.0,-1.0,-1.0,-1.0,0.65,0.1,0.4835096597671509,0.18123900890350342,0.9983662962913513,20.31,1.1439,12431.0,0.9944823425307701,68.59
citeseer,False,True,0.997,pagerank,100.0,-1.0,-1.0,-1.0,-1.0,0.82,0.08,0.6288793087005615,0.1501954048871994,0.9970236420631409,37.0,0.8251,12431.0,0.00010216394497623348,12429.73
citeseer,False,True,0.997,pgmexplainer,100.0,-1.0,-1.0,-1.0,-1.0,0.7,0.07,0.5364580750465393,0.1476069837808609,0.9981241822242737,23.32,30.114,12431.0,0.9880275118654979,148.83
citeseer,False,True,0.997,random,100.0,-1.0,-1.0,-1.0,-1.0,0.08,0.81,0.14738087356090546,0.6275464296340942,0.9970236420631409,37.0,0.0002,12431.0,8.044405116236497e-05,12430.0
citeseer,True,False,0.0,distance,100.0,0.2,0.06,0.5538211464881897,0.2675899267196655,-1.0,-1.0,-1.0,-1.0,0.481174498796463,6449.52,0.9907,12431.0,0.48117448314697164,6449.52
citeseer,True,False,0.0,gnnexplainer,100.0,0.29,0.03,0.5230077505111694,0.3266924023628235,-1.0,-1.0,-1.0,-1.0,0.9927398562431335,90.25,1.247,12431.0,0.992739924382592,90.25
citeseer,True,False,0.0,ig,100.0,0.37,0.03,0.5759426355361938,0.20655672252178192,-1.0,-1.0,-1.0,-1.0,0.49848687648773193,6234.31,0.5432,12431.0,0.49848684739763494,6234.31
citeseer,True,False,0.0,occlusion,100.0,0.74,0.02,0.7089173793792725,0.04834851250052452,-1.0,-1.0,-1.0,-1.0,0.9927398562431335,90.25,1.2664,12431.0,0.992739924382592,90.25
citeseer,True,False,0.0,pagerank,100.0,0.39,0.04,0.5821027159690857,0.22213144600391388,-1.0,-1.0,-1.0,-1.0,0.00010217606904916465,12429.73,0.831,12431.0,0.00010216394497623348,12429.73
citeseer,True,False,0.0,pgmexplainer,100.0,0.63,0.0,0.6875972151756287,0.036412134766578674,-1.0,-1.0,-1.0,-1.0,0.9854332208633423,181.08,31.5592,12431.0,0.9854331912155097,181.08
citeseer,True,False,0.0,random,100.0,0.11,0.09,0.44128599762916565,0.4025578796863556,-1.0,-1.0,-1.0,-1.0,8.046627044677734e-05,12430.0,0.0002,12431.0,8.044405116236497e-05,12430.0
citeseer,True,False,0.0,sa,100.0,0.24,0.43,0.262480765581131,0.47394660115242004,-1.0,-1.0,-1.0,-1.0,0.5997546911239624,4975.45,0.0606,12431.0,0.5997546456439546,4975.45
citeseer,True,False,0.0,subgraphx,100.0,0.34,0.19,0.3279857337474823,0.3572155237197876,-1.0,-1.0,-1.0,-1.0,0.9995237588882446,5.92,338.5552,12431.0,0.9995237712171184,5.92
citeseer,True,False,0.7,distance,100.0,0.2,0.06,0.5538211464881897,0.2675899267196655,-1.0,-1.0,-1.0,-1.0,0.795656144618988,2540.2,0.9947,12431.0,0.48117448314697164,6449.52
citeseer,True,False,0.7,gnnexplainer,100.0,0.32,0.07,0.5000056624412537,0.34333840012550354,-1.0,-1.0,-1.0,-1.0,0.9927398562431335,90.25,0.8262,12431.0,0.992739924382592,90.25
citeseer,True,False,0.7,ig,100.0,0.37,0.03,0.575507402420044,0.20654870569705963,-1.0,-1.0,-1.0,-1.0,0.848379909992218,1884.79,0.3235,12431.0,0.49848684739763494,6234.31
citeseer,True,False,0.7,occlusion,100.0,0.74,0.02,0.7089173793792725,0.04834851250052452,-1.0,-1.0,-1.0,-1.0,0.9927398562431335,90.25,1.2242,12431.0,0.992739924382592,90.25
citeseer,True,False,0.7,pagerank,100.0,0.39,0.04,0.5821027159690857,0.22213144600391388,-1.0,-1.0,-1.0,-1.0,0.7000242471694946,3729.0,1.0739,12431.0,0.00010216394497623348,12429.73
citeseer,True,False,0.7,pgmexplainer,100.0,0.63,0.0,0.6875972151756287,0.036412134766578674,-1.0,-1.0,-1.0,-1.0,0.9854332208633423,181.08,29.0194,12431.0,0.9854331912155097,181.08
citeseer,True,False,0.7,random,100.0,0.07,0.35,0.19598974287509918,0.6235765218734741,-1.0,-1.0,-1.0,-1.0,0.7000242471694946,3729.0,0.0002,12431.0,8.044405116236497e-05,12430.0
citeseer,True,False,0.7,sa,100.0,0.25,0.49,0.2259390950202942,0.49612194299697876,-1.0,-1.0,-1.0,-1.0,0.8793243169784546,1500.12,0.0537,12431.0,0.5997546456439546,4975.45
citeseer,True,False,0.99,distance,100.0,0.2,0.07,0.5236268043518066,0.29512497782707214,-1.0,-1.0,-1.0,-1.0,0.9928566813468933,88.8,0.9945,12431.0,0.48117448314697164,6449.52
citeseer,True,False,0.99,gnnexplainer,100.0,0.31,0.05,0.48896390199661255,0.3396909832954407,-1.0,-1.0,-1.0,-1.0,0.9962376356124878,46.77,1.2517,12431.0,0.992739924382592,90.25
citeseer,True,False,0.99,ig,100.0,0.37,0.03,0.5560327768325806,0.22152389585971832,-1.0,-1.0,-1.0,-1.0,0.9935854077339172,79.74,0.3514,12431.0,0.49848684739763494,6234.31
citeseer,True,False,0.99,occlusion,100.0,0.64,0.05,0.6342573761940002,0.11959321051836014,-1.0,-1.0,-1.0,-1.0,0.9962376356124878,46.77,1.1986,12431.0,0.992739924382592,90.25
citeseer,True,False,0.99,pagerank,100.0,0.39,0.04,0.5798017978668213,0.22635670006275177,-1.0,-1.0,-1.0,-1.0,0.9900250434875488,124.0,1.0179,12431.0,0.00010216394497623348,12429.73
citeseer,True,False,0.99,pgmexplainer,100.0,0.6,0.0,0.66228187084198,0.05801720544695854,-1.0,-1.0,-1.0,-1.0,0.9949554204940796,62.71,30.693,12431.0,0.9854331912155097,181.08
citeseer,True,False,0.99,random,100.0,0.02,0.73,0.005501453764736652,0.7133361101150513,-1.0,-1.0,-1.0,-1.0,0.9900250434875488,124.0,0.0002,12431.0,8.044405116236497e-05,12430.0
citeseer,True,False,0.99,sa,100.0,0.25,0.49,0.22597883641719818,0.4959179759025574,-1.0,-1.0,-1.0,-1.0,0.9953640699386597,57.63,0.0539,12431.0,0.5997546456439546,4975.45
citeseer,True,False,0.99,subgraphx,100.0,0.34,0.19,0.3279857337474823,0.3572155237197876,-1.0,-1.0,-1.0,-1.0,0.9995237588882446,5.92,334.8615,12431.0,0.9995237712171184,5.92
citeseer,True,False,0.997,distance,100.0,0.22,0.1,0.47631609439849854,0.3404325842857361,-1.0,-1.0,-1.0,-1.0,0.9976204633712769,29.58,1.0068,12431.0,0.48117448314697164,6449.52
citeseer,True,False,0.997,gnnexplainer,100.0,0.31,0.18,0.4350963234901428,0.4037874639034271,-1.0,-1.0,-1.0,-1.0,0.9980910420417786,23.73,0.8584,12431.0,0.992739924382592,90.25
citeseer,True,False,0.997,ig,100.0,0.37,0.07,0.5114400386810303,0.2722817659378052,-1.0,-1.0,-1.0,-1.0,0.9976550936698914,29.15,0.3771,12431.0,0.49848684739763494,6234.31
citeseer,True,False,0.997,occlusion,100.0,0.5,0.13,0.5360589027404785,0.2475181519985199,-1.0,-1.0,-1.0,-1.0,0.9980910420417786,23.73,0.8493,12431.0,0.992739924382592,90.25
citeseer,True,False,0.997,pagerank,100.0,0.39,0.05,0.5734580755233765,0.23545068502426147,-1.0,-1.0,-1.0,-1.0,0.9970236420631409,37.0,1.0025,12431.0,0.00010216394497623348,12429.73
citeseer,True,False,0.997,pgmexplainer,100.0,0.55,0.01,0.5925086736679077,0.11338721960783005,-1.0,-1.0,-1.0,-1.0,0.9978344440460205,26.92,29.9171,12431.0,0.9854331912155097,181.08
citeseer,True,False,0.997,random,100.0,0.01,0.73,0.003219975158572197,0.7141996622085571,-1.0,-1.0,-1.0,-1.0,0.9970236420631409,37.0,0.0002,12431.0,8.044405116236497e-05,12430.0
citeseer,True,False,0.997,sa,100.0,0.25,0.49,0.22450651228427887,0.49545013904571533,-1.0,-1.0,-1.0,-1.0,0.9983711242675781,20.25,0.0551,12431.0,0.5997546456439546,4975.45
citeseer,True,False,0.997,subgraphx,100.0,0.34,0.19,0.3279857337474823,0.3572155237197876,-1.0,-1.0,-1.0,-1.0,0.9995237588882446,5.92,329.7646,12431.0,0.9995237712171184,5.92
citeseer,True,True,0.0,distance,100.0,0.73,0.01,0.7138614654541016,-0.09330881386995316,-1.0,-1.0,-1.0,-1.0,0.481174498796463,6449.52,1.0058,12431.0,0.48117448314697164,6449.52
citeseer,True,True,0.0,gnnexplainer,100.0,0.73,0.01,0.7138614654541016,-0.09330881386995316,-1.0,-1.0,-1.0,-1.0,0.9927398562431335,90.25,1.2188,12431.0,0.992739924382592,90.25
citeseer,True,True,0.0,ig,100.0,0.74,0.0,0.7190877795219421,-0.10325705260038376,-1.0,-1.0,-1.0,-1.0,0.49848687648773193,6234.31,0.5378,12431.0,0.49848684739763494,6234.31
citeseer,True,True,0.0,occlusion,100.0,0.73,0.01,0.7138614654541016,-0.09330881386995316,-1.0,-1.0,-1.0,-1.0,0.9927398562431335,90.25,1.1907,12431.0,0.992739924382592,90.25
citeseer,True,True,0.0,pagerank,100.0,0.73,0.01,0.7138614654541016,-0.09330881386995316,-1.0,-1.0,-1.0,-1.0,0.00010217606904916465,12429.73,1.0564,12431.0,0.00010216394497623348,12429.73
citeseer,True,True,0.0,pgmexplainer,100.0,0.73,0.01,0.7138614654541016,-0.09330881386995316,-1.0,-1.0,-1.0,-1.0,0.9854332208633423,181.08,29.3313,12431.0,0.9854331912155097,181.08
citeseer,True,True,0.0,random,100.0,0.73,0.01,0.7138614654541016,-0.09330881386995316,-1.0,-1.0,-1.0,-1.0,8.046627044677734e-05,12430.0,0.0002,12431.0,8.044405116236497e-05,12430.0
citeseer,True,True,0.0,sa,100.0,0.3,0.34,0.2590215504169464,0.27747371792793274,-1.0,-1.0,-1.0,-1.0,0.5997546911239624,4975.45,0.0478,12431.0,0.5997546456439546,4975.45
citeseer,True,True,0.0,subgraphx,100.0,0.34,0.08,0.2402886003255844,0.02720940299332142,-1.0,-1.0,-1.0,-1.0,0.9995237588882446,5.92,257.2977,12431.0,0.9995237712171184,5.92
citeseer,True,True,0.7,distance,100.0,0.73,0.01,0.7138614654541016,-0.09330881386995316,-1.0,-1.0,-1.0,-1.0,0.795656144618988,2540.2,1.0069,12431.0,0.48117448314697164,6449.52
citeseer,True,True,0.7,gnnexplainer,100.0,0.73,0.01,0.7138614654541016,-0.09330881386995316,-1.0,-1.0,-1.0,-1.0,0.9927398562431335,90.25,0.6406,12431.0,0.992739924382592,90.25
citeseer,True,True,0.7,ig,100.0,0.74,0.0,0.7221012115478516,-0.1032995879650116,-1.0,-1.0,-1.0,-1.0,0.848379909992218,1884.79,0.5499,12431.0,0.49848684739763494,6234.31
citeseer,True,True,0.7,occlusion,100.0,0.73,0.01,0.7138614654541016,-0.09330881386995316,-1.0,-1.0,-1.0,-1.0,0.9927398562431335,90.25,1.2153,12431.0,0.992739924382592,90.25
citeseer,True,True,0.7,pagerank,100.0,0.73,0.01,0.7138614654541016,-0.09330881386995316,-1.0,-1.0,-1.0,-1.0,0.7000242471694946,3729.0,0.9968,12431.0,0.00010216394497623348,12429.73
citeseer,True,True,0.7,pgmexplainer,100.0,0.73,0.01,0.7138614654541016,-0.09330881386995316,-1.0,-1.0,-1.0,-1.0,0.9854332208633423,181.08,30.6448,12431.0,0.9854331912155097,181.08
citeseer,True,True,0.7,random,100.0,0.06,0.31,-0.02599000371992588,0.2388771027326584,-1.0,-1.0,-1.0,-1.0,0.7000242471694946,3729.0,0.0002,12431.0,8.044405116236497e-05,12430.0
citeseer,True,True,0.7,sa,100.0,0.27,0.47,0.19839124381542206,0.40890079736709595,-1.0,-1.0,-1.0,-1.0,0.8793243169784546,1500.12,0.0423,12431.0,0.5997546456439546,4975.45
citeseer,True,True,0.99,distance,100.0,0.68,0.0,0.6725736260414124,-0.10330860316753387,-1.0,-1.0,-1.0,-1.0,0.9928566813468933,88.8,0.6945,12431.0,0.48117448314697164,6449.52
citeseer,True,True,0.99,gnnexplainer,100.0,0.62,0.03,0.6136413812637329,-0.07850664854049683,-1.0,-1.0,-1.0,-1.0,0.9962376356124878,46.77,1.2275,12431.0,0.992739924382592,90.25
citeseer,True,True,0.99,ig,100.0,0.68,0.0,0.6667459011077881,-0.1032995879650116,-1.0,-1.0,-1.0,-1.0,0.9935854077339172,79.74,0.3721,12431.0,0.49848684739763494,6234.31
citeseer,True,True,0.99,occlusion,100.0,0.63,0.03,0.6107711791992188,-0.07581105083227158,-1.0,-1.0,-1.0,-1.0,0.9962376356124878,46.77,1.2086,12431.0,0.992739924382592,90.25
citeseer,True,True,0.99,pagerank,100.0,0.73,0.01,0.7138614654541016,-0.09330881386995316,-1.0,-1.0,-1.0,-1.0,0.9900250434875488,124.0,0.7046,12431.0,0.00010216394497623348,12429.73
citeseer,True,True,0.99,pgmexplainer,100.0,0.67,0.01,0.6643161177635193,-0.09330881386995316,-1.0,-1.0,-1.0,-1.0,0.9949554204940796,62.71,30.0638,12431.0,0.9854331912155097,181.08
citeseer,True,True,0.99,random,100.0,0.02,0.74,-0.08715903013944626,0.7113037705421448,-1.0,-1.0,-1.0,-1.0,0.9900250434875488,124.0,0.0002,12431.0,8.044405116236497e-05,12430.0
citeseer,True,True,0.99,sa,100.0,0.27,0.47,0.19839124381542206,0.4088873565196991,-1.0,-1.0,-1.0,-1.0,0.9953640699386597,57.63,0.0479,12431.0,0.5997546456439546,4975.45
citeseer,True,True,0.99,subgraphx,100.0,0.34,0.08,0.2402886003255844,0.02720940299332142,-1.0,-1.0,-1.0,-1.0,0.9995237588882446,5.92,328.3264,12431.0,0.9995237712171184,5.92
citeseer,True,True,0.997,distance,100.0,0.62,0.01,0.5827847123146057,-0.08778101205825806,-1.0,-1.0,-1.0,-1.0,0.9976204633712769,29.58,1.0093,12431.0,0.48117448314697164,6449.52
citeseer,True,True,0.997,gnnexplainer,100.0,0.5,0.09,0.4526984393596649,-0.011452717706561089,-1.0,-1.0,-1.0,-1.0,0.9980910420417786,23.73,0.8473,12431.0,0.992739924382592,90.25
citeseer,True,True,0.997,ig,100.0,0.55,0.01,0.5532201528549194,-0.09329959005117416,-1.0,-1.0,-1.0,-1.0,0.9976550936698914,29.15,0.5492,12431.0,0.49848684739763494,6234.31
citeseer,True,True,0.997,occlusion,100.0,0.5,0.06,0.44780197739601135,-0.03910328075289726,-1.0,-1.0,-1.0,-1.0,0.9980910420417786,23.73,1.2368,12431.0,0.992739924382592,90.25
citeseer,True,True,0.997,pagerank,100.0,0.72,0.0,0.705603837966919,-0.10332223027944565,-1.0,-1.0,-1.0,-1.0,0.9970236420631409,37.0,1.0177,12431.0,0.00010216394497623348,12429.73
citeseer,True,True,0.997,pgmexplainer,100.0,0.58,0.02,0.5396232604980469,-0.07940000295639038,-1.0,-1.0,-1.0,-1.0,0.9978344440460205,26.92,28.8263,12431.0,0.9854331912155097,181.08
citeseer,True,True,0.997,random,100.0,0.02,0.74,-0.08708982169628143,0.7154256701469421,-1.0,-1.0,-1.0,-1.0,0.9970236420631409,37.0,0.0002,12431.0,8.044405116236497e-05,12430.0
citeseer,True,True,0.997,sa,100.0,0.27,0.47,0.19839124381542206,0.4088873565196991,-1.0,-1.0,-1.0,-1.0,0.9983711242675781,20.25,0.0271,12431.0,0.5997546456439546,4975.45
citeseer,True,True,0.997,subgraphx,100.0,0.34,0.08,0.2402886003255844,0.02720940299332142,-1.0,-1.0,-1.0,-1.0,0.9995237588882446,5.92,326.629,12431.0,0.9995237712171184,5.92
cora,False,False,0.0,distance,100.0,-1.0,-1.0,-1.0,-1.0,0.17,0.04,0.5221734046936035,0.28715306520462036,0.09579086303710938,11993.43,0.3525,13264.0,0.09579086248492169,11993.43
cora,False,False,0.0,gnnexplainer,100.0,-1.0,-1.0,-1.0,-1.0,0.27,0.05,0.496393084526062,0.34953081607818604,0.9854152798652649,193.45,1.3276,13264.0,0.98541541013269,193.45
cora,False,False,0.0,occlusion,100.0,-1.0,-1.0,-1.0,-1.0,0.72,0.01,0.704775869846344,0.062454309314489365,0.9854152798652649,193.45,0.7094,13264.0,0.98541541013269,193.45
cora,False,False,0.0,pagerank,100.0,-1.0,-1.0,-1.0,-1.0,0.27,0.04,0.5575283765792847,0.25921252369880676,7.539987564086914e-05,13263.0,0.3719,13264.0,7.539203860074117e-05,13263.0
cora,False,False,0.0,pgmexplainer,100.0,-1.0,-1.0,-1.0,-1.0,0.5,0.01,0.6472171545028687,0.10326387733221054,0.9709393978118896,385.46,18.3707,13264.0,0.9709393848009653,385.46
cora,False,False,0.0,random,100.0,-1.0,-1.0,-1.0,-1.0,0.09,0.11,0.3967924416065216,0.4367508292198181,7.539987564086914e-05,13263.0,0.0002,13264.0,7.539203860074117e-05,13263.0
cora,False,False,0.7,distance,100.0,-1.0,-1.0,-1.0,-1.0,0.17,0.04,0.5221734046936035,0.28715306520462036,0.7148950695991516,3781.63,0.3417,13264.0,0.09579086248492169,11993.43
cora,False,False,0.7,gnnexplainer,100.0,-1.0,-1.0,-1.0,-1.0,0.3,0.1,0.47593575716018677,0.3598877787590027,0.9854152798652649,193.45,1.2898,13264.0,0.98541541013269,193.45
cora,False,False,0.7,occlusion,100.0,-1.0,-1.0,-1.0,-1.0,0.72,0.01,0.7047759294509888,0.062454309314489365,0.9854152798652649,193.45,0.5437,13264.0,0.98541541013269,193.45
cora,False,False,0.7,pagerank,100.0,-1.0,-1.0,-1.0,-1.0,0.27,0.04,0.5575283765792847,0.25921252369880676,0.7000149488449097,3979.0,0.3772,13264.0,7.539203860074117e-05,13263.0
cora,False,False,0.7,pgmexplainer,100.0,-1.0,-1.0,-1.0,-1.0,0.5,0.01,0.6472171545028687,0.10326389223337173,0.9709393978118896,385.46,13.1779,13264.0,0.9709393848009653,385.46
cora,False,False,0.7,random,100.0,-1.0,-1.0,-1.0,-1.0,0.01,0.53,0.14258423447608948,0.6442421078681946,0.7000149488449097,3979.0,0.0001,13264.0,7.539203860074117e-05,13263.0
cora,False,False,0.99,distance,100.0,-1.0,-1.0,-1.0,-1.0,0.15,0.05,0.4723266661167145,0.3350507318973541,0.9904269576072693,126.98,0.2592,13264.0,0.09579086248492169,11993.43
cora,False,False,0.99,gnnexplainer,100.0,-1.0,-1.0,-1.0,-1.0,0.26,0.19,0.4114393889904022,0.4147937297821045,0.994363009929657,74.77,0.856,13264.0,0.98541541013269,193.45
cora,False,False,0.99,occlusion,100.0,-1.0,-1.0,-1.0,-1.0,0.54,0.11,0.5864464640617371,0.20150867104530334,0.994363009929657,74.77,0.7336,13264.0,0.98541541013269,193.45
cora,False,False,0.99,pagerank,100.0,-1.0,-1.0,-1.0,-1.0,0.27,0.04,0.5536611676216125,0.2661646902561188,0.9900484681129456,132.0,0.3721,13264.0,7.539203860074117e-05,13263.0
cora,False,False,0.99,pgmexplainer,100.0,-1.0,-1.0,-1.0,-1.0,0.46,0.01,0.6168721914291382,0.13363513350486755,0.9921134114265442,104.61,12.0327,13264.0,0.9709393848009653,385.46
cora,False,False,0.99,random,100.0,-1.0,-1.0,-1.0,-1.0,0.0,0.74,0.003751863492652774,0.7121951580047607,0.9900484681129456,132.0,0.0002,13264.0,7.539203860074117e-05,13263.0
cora,False,False,0.997,distance,100.0,-1.0,-1.0,-1.0,-1.0,0.13,0.11,0.4015464782714844,0.40377670526504517,0.9971427917480469,37.9,0.3421,13264.0,0.09579086248492169,11993.43
cora,False,False,0.997,gnnexplainer,100.0,-1.0,-1.0,-1.0,-1.0,0.23,0.31,0.3184523284435272,0.5074567198753357,0.997549831867218,32.5,0.6323,13264.0,0.98541541013269,193.45
cora,False,False,0.997,occlusion,100.0,-1.0,-1.0,-1.0,-1.0,0.44,0.29,0.44408413767814636,0.37856078147888184,0.997549831867218,32.5,0.604,13264.0,0.98541541013269,193.45
cora,False,False,0.997,pagerank,100.0,-1.0,-1.0,-1.0,-1.0,0.26,0.04,0.5480259656906128,0.2785123884677887,0.9970598816871643,39.0,0.3666,13264.0,7.539203860074117e-05,13263.0
cora,False,False,0.997,pgmexplainer,100.0,-1.0,-1.0,-1.0,-1.0,0.41,0.04,0.5401543378829956,0.20123308897018433,0.997303307056427,35.77,18.738,13264.0,0.9709393848009653,385.46
cora,False,False,0.997,random,100.0,-1.0,-1.0,-1.0,-1.0,0.0,0.74,0.0004229605256114155,0.7122343182563782,0.9970598816871643,39.0,0.0002,13264.0,7.539203860074117e-05,13263.0
cora,False,True,0.0,distance,100.0,-1.0,-1.0,-1.0,-1.0,0.74,0.09,0.7122039794921875,0.1451416164636612,0.09579086303710938,11993.43,0.3526,13264.0,0.09579086248492169,11993.43
cora,False,True,0.0,gnnexplainer,100.0,-1.0,-1.0,-1.0,-1.0,0.74,0.09,0.7122039794921875,0.1451415866613388,0.9854152798652649,193.45,0.6021,13264.0,0.98541541013269,193.45
cora,False,True,0.0,occlusion,100.0,-1.0,-1.0,-1.0,-1.0,0.74,0.09,0.7122039794921875,0.1451416015625,0.9854152798652649,193.45,0.7161,13264.0,0.98541541013269,193.45
cora,False,True,0.0,pagerank,100.0,-1.0,-1.0,-1.0,-1.0,0.74,0.09,0.7122039794921875,0.1451416164636612,7.539987564086914e-05,13263.0,0.3711,13264.0,7.539203860074117e-05,13263.0
cora,False,True,0.0,pgmexplainer,100.0,-1.0,-1.0,-1.0,-1.0,0.74,0.08,0.7122039794921875,0.14084024727344513,0.9709393978118896,385.46,11.5627,13264.0,0.9709393848009653,385.46
cora,False,True,0.0,random,100.0,-1.0,-1.0,-1.0,-1.0,0.74,0.09,0.7122039794921875,0.1451415866613388,7.539987564086914e-05,13263.0,0.0002,13264.0,7.539203860074117e-05,13263.0
cora,False,True,0.7,distance,100.0,-1.0,-1.0,-1.0,-1.0,0.74,0.09,0.7122039794921875,0.1451416015625,0.7148950695991516,3781.63,0.34,13264.0,0.09579086248492169,11993.43
cora,False,True,0.7,gnnexplainer,100.0,-1.0,-1.0,-1.0,-1.0,0.74,0.09,0.7122039794921875,0.1451416015625,0.9854152798652649,193.45,1.2428,13264.0,0.98541541013269,193.45
cora,False,True,0.7,occlusion,100.0,-1.0,-1.0,-1.0,-1.0,0.74,0.09,0.7122039794921875,0.1451416015625,0.9854152798652649,193.45,0.715,13264.0,0.98541541013269,193.45
cora,False,True,0.7,pagerank,100.0,-1.0,-1.0,-1.0,-1.0,0.74,0.09,0.7122039794921875,0.1451416015625,0.7000149488449097,3979.0,0.368,13264.0,7.539203860074117e-05,13263.0
cora,False,True,0.7,pgmexplainer,100.0,-1.0,-1.0,-1.0,-1.0,0.74,0.08,0.7122039794921875,0.14084024727344513,0.9709393978118896,385.46,18.5318,13264.0,0.9709393848009653,385.46
cora,False,True,0.7,random,100.0,-1.0,-1.0,-1.0,-1.0,0.13,0.37,0.16323526203632355,0.3627778887748718,0.7000149488449097,3979.0,0.0001,13264.0,7.539203860074117e-05,13263.0
cora,False,True,0.99,distance,100.0,-1.0,-1.0,-1.0,-1.0,0.65,0.07,0.6496593952178955,0.12720732390880585,0.9904269576072693,126.98,0.2835,13264.0,0.09579086248492169,11993.43
cora,False,True,0.99,gnnexplainer,100.0,-1.0,-1.0,-1.0,-1.0,0.55,0.12,0.5485288500785828,0.17467689514160156,0.994363009929657,74.77,1.251,13264.0,0.98541541013269,193.45
cora,False,True,0.99,occlusion,100.0,-1.0,-1.0,-1.0,-1.0,0.57,0.1,0.5755967497825623,0.15816320478916168,0.994363009929657,74.77,0.7401,13264.0,0.98541541013269,193.45
cora,False,True,0.99,pagerank,100.0,-1.0,-1.0,-1.0,-1.0,0.74,0.09,0.7122039794921875,0.1451416015625,0.9900484681129456,132.0,0.3591,13264.0,7.539203860074117e-05,13263.0
cora,False,True,0.99,pgmexplainer,100.0,-1.0,-1.0,-1.0,-1.0,0.65,0.05,0.6492985486984253,0.1184314638376236,0.9921134114265442,104.61,19.5281,13264.0,0.9709393848009653,385.46
cora,False,True,0.99,random,100.0,-1.0,-1.0,-1.0,-1.0,0.09,0.74,0.14511427283287048,0.7121315002441406,0.9900484681129456,132.0,0.0002,13264.0,7.539203860074117e-05,13263.0
cora,False,True,0.997,distance,100.0,-1.0,-1.0,-1.0,-1.0,0.59,0.09,0.5619816780090332,0.14051313698291779,0.9971427917480469,37.9,0.3486,13264.0,0.09579086248492169,11993.43
cora,False,True,0.997,gnnexplainer,100.0,-1.0,-1.0,-1.0,-1.0,0.4,0.24,0.3877849876880646,0.2543272078037262,0.997549831867218,32.5,0.8537,13264.0,0.98541541013269,193.45
cora,False,True,0.997,occlusion,100.0,-1.0,-1.0,-1.0,-1.0,0.51,0.19,0.44003283977508545,0.25010719895362854,0.997549831867218,32.5,0.6968,13264.0,0.98541541013269,193.45
cora,False,True,0.997,pagerank,100.0,-1.0,-1.0,-1.0,-1.0,0.74,0.07,0.7122039794921875,0.11033705621957779,0.9970598816871643,39.0,0.3683,13264.0,7.539203860074117e-05,13263.0
cora,False,True,0.997,pgmexplainer,100.0,-1.0,-1.0,-1.0,-1.0,0.54,0.06,0.5314594507217407,0.12055434286594391,0.997303307056427,35.77,19.2164,13264.0,0.9709393848009653,385.46
cora,False,True,0.997,random,100.0,-1.0,-1.0,-1.0,-1.0,0.09,0.74,0.1451416164636612,0.7123397588729858,0.9970598816871643,39.0,0.0002,13264.0,7.539203860074117e-05,13263.0
cora,True,False,0.0,distance,100.0,0.15,0.07,0.5328547358512878,0.27629712224006653,-1.0,-1.0,-1.0,-1.0,0.1148168072104454,11741.07,0.3523,13264.0,0.11481679734619997,11741.07
cora,True,False,0.0,gnnexplainer,100.0,0.35,0.05,0.4974045157432556,0.3380579650402069,-1.0,-1.0,-1.0,-1.0,0.9815447926521301,244.79,0.7561,13264.0,0.9815447828709288,244.79
cora,True,False,0.0,ig,100.0,0.37,0.02,0.567258894443512,0.22480201721191406,-1.0,-1.0,-1.0,-1.0,0.22924083471298218,10223.35,0.3118,13264.0,0.22924080217129045,10223.35
cora,True,False,0.0,occlusion,100.0,0.79,0.04,0.7242884039878845,0.05241923779249191,-1.0,-1.0,-1.0,-1.0,0.9815447926521301,244.79,0.8557,13264.0,0.9815447828709288,244.79
cora,True,False,0.0,pagerank,100.0,0.28,0.08,0.5738336443901062,0.2590242326259613,-1.0,-1.0,-1.0,-1.0,7.539987564086914e-05,13263.0,0.3724,13264.0,7.539203860074117e-05,13263.0
cora,True,False,0.0,pgmexplainer,100.0,0.45,0.05,0.6632914543151855,0.11920146644115448,-1.0,-1.0,-1.0,-1.0,0.963385820388794,485.65,14.1161,13264.0,0.9633858564535582,485.65
cora,True,False,0.0,random,100.0,0.07,0.16,0.4059103727340698,0.43354320526123047,-1.0,-1.0,-1.0,-1.0,7.539987564086914e-05,13263.0,0.0002,13264.0,7.539203860074117e-05,13263.0
cora,True,False,0.0,sa,100.0,0.13,0.63,0.1450592279434204,0.6209394931793213,-1.0,-1.0,-1.0,-1.0,0.6902390122413635,4108.67,0.0086,13264.0,0.6902389927623644,4108.67
cora,True,False,0.7,distance,100.0,0.15,0.07,0.5328547358512878,0.27629712224006653,-1.0,-1.0,-1.0,-1.0,0.7208872437477112,3702.15,0.3452,13264.0,0.11481679734619997,11741.07
cora,True,False,0.7,gnnexplainer,100.0,0.25,0.08,0.46563050150871277,0.37993529438972473,-1.0,-1.0,-1.0,-1.0,0.9815447926521301,244.79,1.2817,13264.0,0.9815447828709288,244.79
cora,True,False,0.7,ig,100.0,0.37,0.03,0.5663518309593201,0.22899974882602692,-1.0,-1.0,-1.0,-1.0,0.7673317790031433,3086.11,0.1759,13264.0,0.22924080217129045,10223.35
cora,True,False,0.7,occlusion,100.0,0.79,0.04,0.7242884039878845,0.05241923779249191,-1.0,-1.0,-1.0,-1.0,0.9815447926521301,244.79,0.83,13264.0,0.9815447828709288,244.79
cora,True,False,0.7,pagerank,100.0,0.28,0.08,0.5738336443901062,0.2590242326259613,-1.0,-1.0,-1.0,-1.0,0.7000149488449097,3979.0,0.3605,13264.0,7.539203860074117e-05,13263.0
cora,True,False,0.7,pgmexplainer,100.0,0.45,0.05,0.6632914543151855,0.11920146644115448,-1.0,-1.0,-1.0,-1.0,0.963385820388794,485.65,16.5665,13264.0,0.9633858564535582,485.65
cora,True,False,0.7,random,100.0,0.04,0.53,0.14111576974391937,0.6675994992256165,-1.0,-1.0,-1.0,-1.0,0.7000149488449097,3979.0,0.0002,13264.0,7.539203860074117e-05,13263.0
cora,True,False,0.7,sa,100.0,0.12,0.67,0.12218526750802994,0.6393547058105469,-1.0,-1.0,-1.0,-1.0,0.9056957960128784,1250.85,0.0061,13264.0,0.6902389927623644,4108.67
cora,True,False,0.99,distance,100.0,0.16,0.1,0.4682222008705139,0.342157244682312,-1.0,-1.0,-1.0,-1.0,0.9906183481216431,124.44,0.282,13264.0,0.11481679734619997,11741.07
cora,True,False,0.99,gnnexplainer,100.0,0.25,0.24,0.3976846933364868,0.4449253976345062,-1.0,-1.0,-1.0,-1.0,0.9940509796142578,78.91,0.6053,13264.0,0.9815447828709288,244.79
cora,True,False,0.99,ig,100.0,0.36,0.12,0.4911479949951172,0.3049318790435791,-1.0,-1.0,-1.0,-1.0,0.9913474321365356,114.77,0.2512,13264.0,0.22924080217129045,10223.35
cora,True,False,0.99,occlusion,100.0,0.53,0.15,0.5635900497436523,0.22168610990047455,-1.0,-1.0,-1.0,-1.0,0.9940509796142578,78.91,0.7937,13264.0,0.9815447828709288,244.79
cora,True,False,0.99,pagerank,100.0,0.28,0.08,0.5683697462081909,0.2679833471775055,-1.0,-1.0,-1.0,-1.0,0.9900484681129456,132.0,0.3695,13264.0,7.539203860074117e-05,13263.0
cora,True,False,0.99,pgmexplainer,100.0,0.44,0.05,0.6079450845718384,0.16118787229061127,-1.0,-1.0,-1.0,-1.0,0.9921466112136841,104.17,19.6981,13264.0,0.9633858564535582,485.65
cora,True,False,0.99,random,100.0,0.0,0.83,0.006803722586482763,0.7413035035133362,-1.0,-1.0,-1.0,-1.0,0.9900484681129456,132.0,0.0002,13264.0,7.539203860074117e-05,13263.0
cora,True,False,0.99,sa,100.0,0.11,0.68,0.1211855337023735,0.6418114304542542,-1.0,-1.0,-1.0,-1.0,0.9962100982666016,50.27,0.0092,13264.0,0.6902389927623644,4108.67
cora,True,False,0.997,distance,100.0,0.11,0.23,0.3726562261581421,0.43051111698150635,-1.0,-1.0,-1.0,-1.0,0.9971940517425537,37.22,0.3478,13264.0,0.11481679734619997,11741.07
cora,True,False,0.997,gnnexplainer,100.0,0.18,0.4,0.31641387939453125,0.5048867464065552,-1.0,-1.0,-1.0,-1.0,0.9975318312644958,32.74,0.8721,13264.0,0.9815447828709288,244.79
cora,True,False,0.997,ig,100.0,0.26,0.24,0.4453924596309662,0.3501911461353302,-1.0,-1.0,-1.0,-1.0,0.9972272515296936,36.78,0.3098,13264.0,0.22924080217129045,10223.35
cora,True,False,0.997,occlusion,100.0,0.32,0.36,0.41324925422668457,0.43054959177970886,-1.0,-1.0,-1.0,-1.0,0.9975318312644958,32.74,0.6446,13264.0,0.9815447828709288,244.79
cora,True,False,0.997,pagerank,100.0,0.28,0.09,0.5600928068161011,0.28424975275993347,-1.0,-1.0,-1.0,-1.0,0.9970598816871643,39.0,0.3705,13264.0,7.539203860074117e-05,13263.0
cora,True,False,0.997,pgmexplainer,100.0,0.35,0.11,0.516278088092804,0.2518542408943176,-1.0,-1.0,-1.0,-1.0,0.9973078966140747,35.71,18.823,13264.0,0.9633858564535582,485.65
cora,True,False,0.997,random,100.0,0.0,0.83,0.0013169837184250355,0.7444697618484497,-1.0,-1.0,-1.0,-1.0,0.9970598816871643,39.0,0.0002,13264.0,7.539203860074117e-05,13263.0
cora,True,False,0.997,sa,100.0,0.11,0.69,0.11750876158475876,0.6449782848358154,-1.0,-1.0,-1.0,-1.0,0.9987425208091736,16.68,0.0095,13264.0,0.6902389927623644,4108.67
cora,True,True,0.0,distance,100.0,0.83,0.04,0.744235634803772,-0.06014808267354965,-1.0,-1.0,-1.0,-1.0,0.1148168072104454,11741.07,0.3493,13264.0,0.11481679734619997,11741.07
cora,True,True,0.0,gnnexplainer,100.0,0.83,0.04,0.744235634803772,-0.06014807149767876,-1.0,-1.0,-1.0,-1.0,0.9815447926521301,244.79,0.7255,13264.0,0.9815447828709288,244.79
cora,True,True,0.0,ig,100.0,0.85,0.0,0.7589089274406433,-0.08942972868680954,-1.0,-1.0,-1.0,-1.0,0.22924083471298218,10223.35,0.189,13264.0,0.22924080217129045,10223.35
cora,True,True,0.0,occlusion,100.0,0.83,0.04,0.744235634803772,-0.060148075222969055,-1.0,-1.0,-1.0,-1.0,0.9815447926521301,244.79,0.8013,13264.0,0.9815447828709288,244.79
cora,True,True,0.0,pagerank,100.0,0.83,0.04,0.744235634803772,-0.06014808267354965,-1.0,-1.0,-1.0,-1.0,7.539987564086914e-05,13263.0,0.372,13264.0,7.539203860074117e-05,13263.0
cora,True,True,0.0,pgmexplainer,100.0,0.83,0.04,0.744235634803772,-0.060298796743154526,-1.0,-1.0,-1.0,-1.0,0.963385820388794,485.65,13.701,13264.0,0.9633858564535582,485.65
cora,True,True,0.0,random,100.0,0.83,0.04,0.744235634803772,-0.06014808267354965,-1.0,-1.0,-1.0,-1.0,7.539987564086914e-05,13263.0,0.0002,13264.0,7.539203860074117e-05,13263.0
cora,True,True,0.0,sa,100.0,0.23,0.59,0.1538279503583908,0.48876097798347473,-1.0,-1.0,-1.0,-1.0,0.6902390122413635,4108.67,0.0099,13264.0,0.6902389927623644,4108.67
cora,True,True,0.7,distance,100.0,0.83,0.04,0.744235634803772,-0.060148075222969055,-1.0,-1.0,-1.0,-1.0,0.7208872437477112,3702.15,0.3427,13264.0,0.11481679734619997,11741.07
cora,True,True,0.7,gnnexplainer,100.0,0.83,0.04,0.744235634803772,-0.060148075222969055,-1.0,-1.0,-1.0,-1.0,0.9815447926521301,244.79,1.255,13264.0,0.9815447828709288,244.79
cora,True,True,0.7,ig,100.0,0.86,0.0,0.765353798866272,-0.08589562773704529,-1.0,-1.0,-1.0,-1.0,0.7673317790031433,3086.11,0.1808,13264.0,0.22924080217129045,10223.35
cora,True,True,0.7,occlusion,100.0,0.83,0.04,0.744235634803772,-0.060148075222969055,-1.0,-1.0,-1.0,-1.0,0.9815447926521301,244.79,0.7906,13264.0,0.9815447828709288,244.79
cora,True,True,0.7,pagerank,100.0,0.83,0.04,0.744235634803772,-0.06014807149767876,-1.0,-1.0,-1.0,-1.0,0.7000149488449097,3979.0,0.2769,13264.0,7.539203860074117e-05,13263.0
cora,True,True,0.7,pgmexplainer,100.0,0.83,0.04,0.744235634803772,-0.060298796743154526,-1.0,-1.0,-1.0,-1.0,0.963385820388794,485.65,12.2286,13264.0,0.9633858564535582,485.65
cora,True,True,0.7,random,100.0,0.07,0.37,-0.022129664197564125,0.31427621841430664,-1.0,-1.0,-1.0,-1.0,0.7000149488449097,3979.0,0.0002,13264.0,7.539203860074117e-05,13263.0
cora,True,True,0.7,sa,100.0,0.19,0.69,0.1008317768573761,0.5902904272079468,-1.0,-1.0,-1.0,-1.0,0.9056957960128784,1250.85,0.0082,13264.0,0.6902389927623644,4108.67
cora,True,True,0.99,distance,100.0,0.72,0.05,0.6617857217788696,-0.050204671919345856,-1.0,-1.0,-1.0,-1.0,0.9906183481216431,124.44,0.2807,13264.0,0.11481679734619997,11741.07
cora,True,True,0.99,gnnexplainer,100.0,0.53,0.11,0.4824041426181793,-0.0017154705710709095,-1.0,-1.0,-1.0,-1.0,0.9940509796142578,78.91,0.5985,13264.0,0.9815447828709288,244.79
cora,True,True,0.99,ig,100.0,0.64,0.06,0.5761515498161316,-0.03740163892507553,-1.0,-1.0,-1.0,-1.0,0.9913474321365356,114.77,0.3208,13264.0,0.22924080217129045,10223.35
cora,True,True,0.99,occlusion,100.0,0.58,0.11,0.5227744579315186,-0.0010605091229081154,-1.0,-1.0,-1.0,-1.0,0.9940509796142578,78.91,0.8391,13264.0,0.9815447828709288,244.79
cora,True,True,0.99,pagerank,100.0,0.83,0.04,0.744235634803772,-0.06014806777238846,-1.0,-1.0,-1.0,-1.0,0.9900484681129456,132.0,0.3701,13264.0,7.539203860074117e-05,13263.0
cora,True,True,0.99,pgmexplainer,100.0,0.71,0.02,0.6433150768280029,-0.07958456873893738,-1.0,-1.0,-1.0,-1.0,0.9921466112136841,104.17,12.2981,13264.0,0.9633858564535582,485.65
cora,True,True,0.99,random,100.0,0.04,0.82,-0.06013965979218483,0.7296518683433533,-1.0,-1.0,-1.0,-1.0,0.9900484681129456,132.0,0.0002,13264.0,7.539203860074117e-05,13263.0
cora,True,True,0.99,sa,100.0,0.19,0.69,0.10110623389482498,0.5906397104263306,-1.0,-1.0,-1.0,-1.0,0.9962100982666016,50.27,0.0089,13264.0,0.6902389927623644,4108.67
cora,True,True,0.997,distance,100.0,0.48,0.08,0.44132763147354126,-0.01905772089958191,-1.0,-1.0,-1.0,-1.0,0.9971940517425537,37.22,0.3476,13264.0,0.11481679734619997,11741.07
cora,True,True,0.997,gnnexplainer,100.0,0.32,0.29,0.2858555316925049,0.14457711577415466,-1.0,-1.0,-1.0,-1.0,0.9975318312644958,32.74,0.8687,13264.0,0.9815447828709288,244.79
cora,True,True,0.997,ig,100.0,0.54,0.12,0.4949302673339844,0.022604770958423615,-1.0,-1.0,-1.0,-1.0,0.9972272515296936,36.78,0.2533,13264.0,0.22924080217129045,10223.35
cora,True,True,0.997,occlusion,100.0,0.34,0.23,0.3032137155532837,0.10061965137720108,-1.0,-1.0,-1.0,-1.0,0.9975318312644958,32.74,0.7963,13264.0,0.9815447828709288,244.79
cora,True,True,0.997,pagerank,100.0,0.83,0.05,0.7461342811584473,-0.04979889839887619,-1.0,-1.0,-1.0,-1.0,0.9970598816871643,39.0,0.3686,13264.0,7.539203860074117e-05,13263.0
cora,True,True,0.997,pgmexplainer,100.0,0.52,0.04,0.47734561562538147,-0.04625297710299492,-1.0,-1.0,-1.0,-1.0,0.9973078966140747,35.71,19.6716,13264.0,0.9633858564535582,485.65
cora,True,True,0.997,random,100.0,0.04,0.82,-0.06014808267354965,0.7369059920310974,-1.0,-1.0,-1.0,-1.0,0.9970598816871643,39.0,0.0002,13264.0,7.539203860074117e-05,13263.0
cora,True,True,0.997,sa,100.0,0.17,0.7,0.09165725111961365,0.5993034243583679,-1.0,-1.0,-1.0,-1.0,0.9987425208091736,16.68,0.0062,13264.0,0.6902389927623644,4108.67
facebook,False,False,0.0,distance,100.0,-1.0,-1.0,-1.0,-1.0,0.13,0.08,0.3240082263946533,0.3368333578109741,3.064215343329124e-05,364104.84,2.1804,364116.0,3.06495732129386e-05,364104.84
facebook,False,False,0.0,gnnexplainer,100.0,-1.0,-1.0,-1.0,-1.0,0.23,0.14,0.37479168176651,0.3144192099571228,0.9828433990478516,6247.02,1.2057,364116.0,0.9828433246547803,6247.02
facebook,False,False,0.0,occlusion,100.0,-1.0,-1.0,-1.0,-1.0,0.88,0.07,0.6782181262969971,0.05499444901943207,0.9828433990478516,6247.02,26.3194,364116.0,0.9828433246547803,6247.02
facebook,False,False,0.0,pagerank,100.0,-1.0,-1.0,-1.0,-1.0,0.15,0.28,0.3399597406387329,0.38130447268486023,2.7692317416949663e-06,364114.99,2.9337,364116.0,2.7738413033429056e-06,364114.99
facebook,False,False,0.0,pgmexplainer,100.0,-1.0,-1.0,-1.0,-1.0,0.5,0.03,0.5448108911514282,0.11690717935562134,0.9559478759765625,16040.06,88.9101,364116.0,0.9559479396675783,16040.06
facebook,False,False,0.0,random,100.0,-1.0,-1.0,-1.0,-1.0,0.09,0.18,0.30862313508987427,0.3747629225254059,2.7418136596679688e-06,364115.0,0.0027,364116.0,2.7463775280622826e-06,364115.0
facebook,False,False,0.7,distance,100.0,-1.0,-1.0,-1.0,-1.0,0.13,0.08,0.3240082263946533,0.3368333578109741,0.7000023126602173,109234.0,1.8951,364116.0,3.06495732129386e-05,364104.84
facebook,False,False,0.7,gnnexplainer,100.0,-1.0,-1.0,-1.0,-1.0,0.23,0.16,0.3846017122268677,0.31443288922309875,0.9828433990478516,6247.02,1.2665,364116.0,0.9828433246547803,6247.02
facebook,False,False,0.7,occlusion,100.0,-1.0,-1.0,-1.0,-1.0,0.88,0.07,0.6782181262969971,0.05499444901943207,0.9828433990478516,6247.02,25.94,364116.0,0.9828433246547803,6247.02
facebook,False,False,0.7,pagerank,100.0,-1.0,-1.0,-1.0,-1.0,0.15,0.28,0.3399597406387329,0.38130447268486023,0.7000023126602173,109234.0,2.9487,364116.0,2.7738413033429056e-06,364114.99
facebook,False,False,0.7,pgmexplainer,100.0,-1.0,-1.0,-1.0,-1.0,0.5,0.03,0.5447883605957031,0.11692053079605103,0.9571364521980286,15607.28,211.1987,364116.0,0.9559479396675783,16040.06
facebook,False,False,0.7,random,100.0,-1.0,-1.0,-1.0,-1.0,0.05,0.66,0.0994158387184143,0.6062920689582825,0.7000023126602173,109234.0,0.0037,364116.0,2.7463775280622826e-06,364115.0
facebook,False,False,0.99,distance,100.0,-1.0,-1.0,-1.0,-1.0,0.12,0.21,0.2918986976146698,0.36611947417259216,0.9900003671646118,3641.0,2.3008,364116.0,3.06495732129386e-05,364104.84
facebook,False,False,0.99,gnnexplainer,100.0,-1.0,-1.0,-1.0,-1.0,0.21,0.26,0.3335493505001068,0.3531132638454437,0.9954367876052856,1661.56,1.2176,364116.0,0.9828433246547803,6247.02
facebook,False,False,0.99,occlusion,100.0,-1.0,-1.0,-1.0,-1.0,0.74,0.18,0.5837677121162415,0.16409854590892792,0.9954367876052856,1661.56,16.4657,364116.0,0.9828433246547803,6247.02
facebook,False,False,0.99,pagerank,100.0,-1.0,-1.0,-1.0,-1.0,0.15,0.28,0.3395578861236572,0.3817366063594818,0.9900003671646118,3641.0,2.9214,364116.0,2.7738413033429056e-06,364114.99
facebook,False,False,0.99,pgmexplainer,100.0,-1.0,-1.0,-1.0,-1.0,0.42,0.06,0.4880337417125702,0.16642141342163086,0.9925832152366638,2700.54,152.7207,364116.0,0.9559479396675783,16040.06
facebook,False,False,0.99,random,100.0,-1.0,-1.0,-1.0,-1.0,0.0,0.89,0.0039183953776955605,0.6943022012710571,0.9900003671646118,3641.0,0.0038,364116.0,2.7463775280622826e-06,364115.0
facebook,False,False,0.997,distance,100.0,-1.0,-1.0,-1.0,-1.0,0.12,0.29,0.26120442152023315,0.38962674140930176,0.9970008134841919,1092.0,2.1434,364116.0,3.06495732129386e-05,364104.84
facebook,False,False,0.997,gnnexplainer,100.0,-1.0,-1.0,-1.0,-1.0,0.23,0.35,0.2739367187023163,0.38181158900260925,0.9979755878448486,737.12,0.6334,364116.0,0.9828433246547803,6247.02
facebook,False,False,0.997,occlusion,100.0,-1.0,-1.0,-1.0,-1.0,0.57,0.29,0.4560929834842682,0.2808871567249298,0.9979755878448486,737.12,17.0442,364116.0,0.9828433246547803,6247.02
facebook,False,False,0.997,pagerank,100.0,-1.0,-1.0,-1.0,-1.0,0.15,0.28,0.33836403489112854,0.38417500257492065,0.9970008134841919,1092.0,2.3998,364116.0,2.7738413033429056e-06,364114.99
facebook,False,False,0.997,pgmexplainer,100.0,-1.0,-1.0,-1.0,-1.0,0.38,0.13,0.4273117780685425,0.22221505641937256,0.9973939657211304,948.86,147.2843,364116.0,0.9559479396675783,16040.06
facebook,False,False,0.997,random,100.0,-1.0,-1.0,-1.0,-1.0,0.0,0.89,0.0017129704356193542,0.6946259140968323,0.9970008134841919,1092.0,0.004,364116.0,2.7463775280622826e-06,364115.0
facebook,False,True,0.0,distance,100.0,-1.0,-1.0,-1.0,-1.0,0.89,0.08,0.6948686838150024,0.10132705420255661,3.064215343329124e-05,364104.84,2.1838,364116.0,3.06495732129386e-05,364104.84
facebook,False,True,0.0,gnnexplainer,100.0,-1.0,-1.0,-1.0,-1.0,0.89,0.08,0.6948686838150024,0.10132705420255661,0.9828433990478516,6247.02,0.8904,364116.0,0.9828433246547803,6247.02
facebook,False,True,0.0,occlusion,100.0,-1.0,-1.0,-1.0,-1.0,0.89,0.08,0.6948686838150024,0.10132705420255661,0.9828433990478516,6247.02,26.098,364116.0,0.9828433246547803,6247.02
facebook,False,True,0.0,pagerank,100.0,-1.0,-1.0,-1.0,-1.0,0.89,0.08,0.6948686838150024,0.10132705420255661,2.7692317416949663e-06,364114.99,2.9745,364116.0,2.7738413033429056e-06,364114.99
facebook,False,True,0.0,pgmexplainer,100.0,-1.0,-1.0,-1.0,-1.0,0.89,0.07,0.6948686838150024,0.09440858662128448,0.9559478759765625,16040.06,157.7708,364116.0,0.9559479396675783,16040.06
facebook,False,True,0.0,random,100.0,-1.0,-1.0,-1.0,-1.0,0.89,0.08,0.6948686838150024,0.1013270691037178,2.7418136596679688e-06,364115.0,0.0028,364116.0,2.7463775280622826e-06,364115.0
facebook,False,True,0.7,distance,100.0,-1.0,-1.0,-1.0,-1.0,0.89,0.08,0.6948686838150024,0.1013270691037178,0.7000023126602173,109234.0,1.7335,364116.0,3.06495732129386e-05,364104.84
facebook,False,True,0.7,gnnexplainer,100.0,-1.0,-1.0,-1.0,-1.0,0.89,0.08,0.6948686838150024,0.10132705420255661,0.9828433990478516,6247.02,0.9116,364116.0,0.9828433246547803,6247.02
facebook,False,True,0.7,occlusion,100.0,-1.0,-1.0,-1.0,-1.0,0.89,0.08,0.6948686838150024,0.10132705420255661,0.9828433990478516,6247.02,26.195,364116.0,0.9828433246547803,6247.02
facebook,False,True,0.7,pagerank,100.0,-1.0,-1.0,-1.0,-1.0,0.89,0.08,0.6948686838150024,0.10132705420255661,0.7000023126602173,109234.0,3.0713,364116.0,2.7738413033429056e-06,364114.99
facebook,False,True,0.7,pgmexplainer,100.0,-1.0,-1.0,-1.0,-1.0,0.89,0.07,0.6948686838150024,0.09440860897302628,0.9571364521980286,15607.28,96.8141,364116.0,0.9559479396675783,16040.06
facebook,False,True,0.7,random,100.0,-1.0,-1.0,-1.0,-1.0,0.1,0.33,0.1180548444390297,0.27713581919670105,0.7000023126602173,109234.0,0.0027,364116.0,2.7463775280622826e-06,364115.0
facebook,False,True,0.99,distance,100.0,-1.0,-1.0,-1.0,-1.0,0.84,0.08,0.6578447222709656,0.09872730076313019,0.9900003671646118,3641.0,2.3348,364116.0,3.06495732129386e-05,364104.84
facebook,False,True,0.99,gnnexplainer,100.0,-1.0,-1.0,-1.0,-1.0,0.69,0.1,0.5531424880027771,0.1140480786561966,0.9954367876052856,1661.56,1.267,364116.0,0.9828433246547803,6247.02
facebook,False,True,0.99,occlusion,100.0,-1.0,-1.0,-1.0,-1.0,0.7,0.09,0.5580922961235046,0.10877735167741776,0.9954367876052856,1661.56,25.9628,364116.0,0.9828433246547803,6247.02
facebook,False,True,0.99,pagerank,100.0,-1.0,-1.0,-1.0,-1.0,0.89,0.08,0.6948686838150024,0.10132705420255661,0.9900003671646118,3641.0,2.92,364116.0,2.7738413033429056e-06,364114.99
facebook,False,True,0.99,pgmexplainer,100.0,-1.0,-1.0,-1.0,-1.0,0.76,0.06,0.617479145526886,0.09589453041553497,0.9925832152366638,2700.54,158.4635,364116.0,0.9559479396675783,16040.06
facebook,False,True,0.99,random,100.0,-1.0,-1.0,-1.0,-1.0,0.09,0.89,0.10954786092042923,0.6786788702011108,0.9900003671646118,3641.0,0.0038,364116.0,2.7463775280622826e-06,364115.0
facebook,False,True,0.997,distance,100.0,-1.0,-1.0,-1.0,-1.0,0.8,0.07,0.6250441670417786,0.10542545467615128,0.9970008134841919,1092.0,2.1414,364116.0,3.06495732129386e-05,364104.84
facebook,False,True,0.997,gnnexplainer,100.0,-1.0,-1.0,-1.0,-1.0,0.51,0.2,0.40231063961982727,0.19312220811843872,0.9979755878448486,737.12,1.2001,364116.0,0.9828433246547803,6247.02
facebook,False,True,0.997,occlusion,100.0,-1.0,-1.0,-1.0,-1.0,0.54,0.1,0.421753466129303,0.12151289731264114,0.9979755878448486,737.12,26.0603,364116.0,0.9828433246547803,6247.02
facebook,False,True,0.997,pagerank,100.0,-1.0,-1.0,-1.0,-1.0,0.89,0.08,0.6948686838150024,0.10132705420255661,0.9970008134841919,1092.0,2.961,364116.0,2.7738413033429056e-06,364114.99
facebook,False,True,0.997,pgmexplainer,100.0,-1.0,-1.0,-1.0,-1.0,0.68,0.08,0.5309377312660217,0.12304796278476715,0.9973939657211304,948.86,152.3176,364116.0,0.9559479396675783,16040.06
facebook,False,True,0.997,random,100.0,-1.0,-1.0,-1.0,-1.0,0.09,0.89,0.10954786092042923,0.6932863593101501,0.9970008134841919,1092.0,0.004,364116.0,2.7463775280622826e-06,364115.0
facebook,True,False,0.0,distance,100.0,0.08,0.07,0.345600426197052,0.38159072399139404,-1.0,-1.0,-1.0,-1.0,3.069639205932617e-05,364104.82,2.2484,364116.0,3.070450076349873e-05,364104.82
facebook,True,False,0.0,gnnexplainer,100.0,0.23,0.06,0.4537932574748993,0.31115958094596863,-1.0,-1.0,-1.0,-1.0,0.9818460941314697,6610.14,1.262,364116.0,0.9818460600467982,6610.14
facebook,True,False,0.0,ig,100.0,0.23,0.12,0.4021475911140442,0.33245888352394104,-1.0,-1.0,-1.0,-1.0,0.031177783384919167,352763.67,1.1907,364116.0,0.031177784002900197,352763.67
facebook,True,False,0.0,occlusion,100.0,0.83,0.01,0.6829374432563782,0.01920785941183567,-1.0,-1.0,-1.0,-1.0,0.9818460941314697,6610.14,27.4136,364116.0,0.9818460600467982,6610.14
facebook,True,False,0.0,pagerank,100.0,0.15,0.32,0.3525170385837555,0.420737087726593,-1.0,-1.0,-1.0,-1.0,2.796649823721964e-06,364114.98,2.4684,364116.0,2.8013050786235282e-06,364114.98
facebook,True,False,0.0,pgmexplainer,100.0,0.48,0.01,0.5823960900306702,0.11675586551427841,-1.0,-1.0,-1.0,-1.0,0.9495059251785278,18385.7,215.667,364116.0,0.9495059266827056,18385.7
facebook,True,False,0.0,random,100.0,0.09,0.08,0.37292250990867615,0.377986878156662,-1.0,-1.0,-1.0,-1.0,2.7418136596679688e-06,364115.0,0.0029,364116.0,2.7463775280622826e-06,364115.0
facebook,True,False,0.0,sa,100.0,0.09,0.74,0.07042141258716583,0.6292321085929871,-1.0,-1.0,-1.0,-1.0,0.8699550032615662,47351.48,0.0308,364116.0,0.86995495940854,47351.48
facebook,True,False,0.7,distance,100.0,0.08,0.07,0.345600426197052,0.38159072399139404,-1.0,-1.0,-1.0,-1.0,0.7000023126602173,109234.0,2.1956,364116.0,3.070450076349873e-05,364104.82
facebook,True,False,0.7,gnnexplainer,100.0,0.2,0.08,0.4196726083755493,0.3446864187717438,-1.0,-1.0,-1.0,-1.0,0.9818460941314697,6610.14,1.2379,364116.0,0.9818460600467982,6610.14
facebook,True,False,0.7,ig,100.0,0.22,0.16,0.3894050717353821,0.35173889994621277,-1.0,-1.0,-1.0,-1.0,0.7089912295341492,105960.98,1.1835,364116.0,0.031177784002900197,352763.67
facebook,True,False,0.7,occlusion,100.0,0.83,0.01,0.6829374432563782,0.019207853823900223,-1.0,-1.0,-1.0,-1.0,0.9818460941314697,6610.14,17.3603,364116.0,0.9818460600467982,6610.14
facebook,True,False,0.7,pagerank,100.0,0.15,0.32,0.3525170087814331,0.420737087726593,-1.0,-1.0,-1.0,-1.0,0.7000023126602173,109234.0,2.93,364116.0,2.8013050786235282e-06,364114.98
facebook,True,False,0.7,pgmexplainer,100.0,0.48,0.01,0.5823949575424194,0.11675674468278885,-1.0,-1.0,-1.0,-1.0,0.9496108889579773,18347.48,146.5402,364116.0,0.9495059266827056,18385.7
facebook,True,False,0.7,random,100.0,0.02,0.71,0.13556170463562012,0.6114223003387451,-1.0,-1.0,-1.0,-1.0,0.7000023126602173,109234.0,0.0041,364116.0,2.7463775280622826e-06,364115.0
facebook,True,False,0.7,sa,100.0,0.09,0.74,0.06856822222471237,0.6310502886772156,-1.0,-1.0,-1.0,-1.0,0.9609371423721313,14223.42,0.0302,364116.0,0.86995495940854,47351.48
facebook,True,False,0.99,distance,100.0,0.07,0.26,0.30203142762184143,0.416695237159729,-1.0,-1.0,-1.0,-1.0,0.9900003671646118,3641.0,1.6922,364116.0,3.070450076349873e-05,364104.82
facebook,True,False,0.99,gnnexplainer,100.0,0.25,0.22,0.3606029450893402,0.38275378942489624,-1.0,-1.0,-1.0,-1.0,0.9955318570137024,1626.91,0.7606,364116.0,0.9818460600467982,6610.14
facebook,True,False,0.99,ig,100.0,0.19,0.22,0.3638286292552948,0.37589606642723083,-1.0,-1.0,-1.0,-1.0,0.9902893900871277,3535.77,0.8064,364116.0,0.031177784002900197,352763.67
facebook,True,False,0.99,occlusion,100.0,0.62,0.18,0.5550556778907776,0.18326535820960999,-1.0,-1.0,-1.0,-1.0,0.9955318570137024,1626.91,27.4711,364116.0,0.9818460600467982,6610.14
facebook,True,False,0.99,pagerank,100.0,0.15,0.32,0.35228514671325684,0.4210111200809479,-1.0,-1.0,-1.0,-1.0,0.9900003671646118,3641.0,2.8094,364116.0,2.8013050786235282e-06,364114.98
facebook,True,False,0.99,pgmexplainer,100.0,0.37,0.05,0.5080256462097168,0.1828724443912506,-1.0,-1.0,-1.0,-1.0,0.9937710762023926,2268.06,150.8896,364116.0,0.9495059266827056,18385.7
facebook,True,False,0.99,random,100.0,0.0,0.84,0.0020881749223917723,0.696150541305542,-1.0,-1.0,-1.0,-1.0,0.9900003671646118,3641.0,0.0039,364116.0,2.7463775280622826e-06,364115.0
facebook,True,False,0.99,sa,100.0,0.08,0.75,0.06043051555752754,0.6401790380477905,-1.0,-1.0,-1.0,-1.0,0.9986368417739868,496.33,0.0301,364116.0,0.86995495940854,47351.48
facebook,True,False,0.997,distance,100.0,0.07,0.3,0.267002671957016,0.4362536668777466,-1.0,-1.0,-1.0,-1.0,0.9970008134841919,1092.0,2.141,364116.0,3.070450076349873e-05,364104.82
facebook,True,False,0.997,gnnexplainer,100.0,0.17,0.41,0.2769849896430969,0.4416816830635071,-1.0,-1.0,-1.0,-1.0,0.9982187747955322,648.58,1.2373,364116.0,0.9818460600467982,6610.14
facebook,True,False,0.997,ig,100.0,0.19,0.29,0.3231824040412903,0.4060928225517273,-1.0,-1.0,-1.0,-1.0,0.9970797896385193,1063.24,0.7754,364116.0,0.031177784002900197,352763.67
facebook,True,False,0.997,occlusion,100.0,0.46,0.32,0.4275657534599304,0.28778982162475586,-1.0,-1.0,-1.0,-1.0,0.9982187747955322,648.58,17.1523,364116.0,0.9818460600467982,6610.14
facebook,True,False,0.997,pagerank,100.0,0.15,0.32,0.350787878036499,0.4227229952812195,-1.0,-1.0,-1.0,-1.0,0.9970008134841919,1092.0,2.9759,364116.0,2.8013050786235282e-06,364114.98
facebook,True,False,0.997,pgmexplainer,100.0,0.31,0.12,0.4269014298915863,0.2515254020690918,-1.0,-1.0,-1.0,-1.0,0.9977697730064392,812.04,146.827,364116.0,0.9495059266827056,18385.7
facebook,True,False,0.997,random,100.0,0.0,0.84,0.0005200159503147006,0.6961551904678345,-1.0,-1.0,-1.0,-1.0,0.9970008134841919,1092.0,0.0039,364116.0,2.7463775280622826e-06,364115.0
facebook,True,False,0.997,sa,100.0,0.08,0.76,0.058124665170907974,0.6421999931335449,-1.0,-1.0,-1.0,-1.0,0.9995468854904175,164.96,0.0302,364116.0,0.86995495940854,47351.48
facebook,True,True,0.0,distance,100.0,0.84,0.06,0.6959396600723267,-0.009912158362567425,-1.0,-1.0,-1.0,-1.0,3.069639205932617e-05,364104.82,2.2676,364116.0,3.070450076349873e-05,364104.82
facebook,True,True,0.0,gnnexplainer,100.0,0.84,0.06,0.6959396600723267,-0.009912158362567425,-1.0,-1.0,-1.0,-1.0,0.9818460941314697,6610.14,1.3189,364116.0,0.9818460600467982,6610.14
facebook,True,True,0.0,ig,100.0,0.87,0.02,0.7083033919334412,-0.051464058458805084,-1.0,-1.0,-1.0,-1.0,0.031177783384919167,352763.67,1.1865,364116.0,0.031177784002900197,352763.67
facebook,True,True,0.0,occlusion,100.0,0.84,0.06,0.6959396600723267,-0.009912158362567425,-1.0,-1.0,-1.0,-1.0,0.9818460941314697,6610.14,27.4112,364116.0,0.9818460600467982,6610.14
facebook,True,True,0.0,pagerank,100.0,0.84,0.06,0.6959396600723267,-0.009912158362567425,-1.0,-1.0,-1.0,-1.0,2.796649823721964e-06,364114.98,3.0147,364116.0,2.8013050786235282e-06,364114.98
facebook,True,True,0.0,pgmexplainer,100.0,0.84,0.06,0.6959396600723267,-0.009912158362567425,-1.0,-1.0,-1.0,-1.0,0.9495059251785278,18385.7,151.1899,364116.0,0.9495059266827056,18385.7
facebook,True,True,0.0,random,100.0,0.84,0.06,0.6959396600723267,-0.009912160225212574,-1.0,-1.0,-1.0,-1.0,2.7418136596679688e-06,364115.0,0.0029,364116.0,2.7463775280622826e-06,364115.0
facebook,True,True,0.0,sa,100.0,0.13,0.77,0.053706999868154526,0.6136554479598999,-1.0,-1.0,-1.0,-1.0,0.8699550032615662,47351.48,0.0295,364116.0,0.86995495940854,47351.48
facebook,True,True,0.7,distance,100.0,0.84,0.06,0.6959396600723267,-0.00991215743124485,-1.0,-1.0,-1.0,-1.0,0.7000023126602173,109234.0,2.1741,364116.0,3.070450076349873e-05,364104.82
facebook,True,True,0.7,gnnexplainer,100.0,0.84,0.06,0.6959396600723267,-0.009912158362567425,-1.0,-1.0,-1.0,-1.0,0.9818460941314697,6610.14,0.8853,364116.0,0.9818460600467982,6610.14
facebook,True,True,0.7,ig,100.0,0.74,0.03,0.6055001020431519,-0.04056093096733093,-1.0,-1.0,-1.0,-1.0,0.7089912295341492,105960.98,0.7502,364116.0,0.031177784002900197,352763.67
facebook,True,True,0.7,occlusion,100.0,0.84,0.06,0.6959396600723267,-0.009912158362567425,-1.0,-1.0,-1.0,-1.0,0.9818460941314697,6610.14,27.6087,364116.0,0.9818460600467982,6610.14
facebook,True,True,0.7,pagerank,100.0,0.84,0.06,0.6959396600723267,-0.00991215743124485,-1.0,-1.0,-1.0,-1.0,0.7000023126602173,109234.0,2.8607,364116.0,2.8013050786235282e-06,364114.98
facebook,True,True,0.7,pgmexplainer,100.0,0.84,0.06,0.6959396600723267,-0.009912158362567425,-1.0,-1.0,-1.0,-1.0,0.9496108889579773,18347.48,205.9819,364116.0,0.9495059266827056,18385.7
facebook,True,True,0.7,random,100.0,0.08,0.17,0.021451717242598534,0.1124880313873291,-1.0,-1.0,-1.0,-1.0,0.7000023126602173,109234.0,0.0041,364116.0,2.7463775280622826e-06,364115.0
facebook,True,True,0.7,sa,100.0,0.14,0.76,0.06377854943275452,0.6216709613800049,-1.0,-1.0,-1.0,-1.0,0.9609371423721313,14223.42,0.0311,364116.0,0.86995495940854,47351.48
facebook,True,True,0.99,distance,100.0,0.8,0.05,0.6649379730224609,-0.01991216093301773,-1.0,-1.0,-1.0,-1.0,0.9900003671646118,3641.0,1.6354,364116.0,3.070450076349873e-05,364104.82
facebook,True,True,0.99,gnnexplainer,100.0,0.54,0.09,0.46417754888534546,0.012814284302294254,-1.0,-1.0,-1.0,-1.0,0.9955318570137024,1626.91,1.2345,364116.0,0.9818460600467982,6610.14
facebook,True,True,0.99,ig,100.0,0.68,0.05,0.5700793266296387,-0.024769039824604988,-1.0,-1.0,-1.0,-1.0,0.9902893900871277,3535.77,1.1847,364116.0,0.031177784002900197,352763.67
facebook,True,True,0.99,occlusion,100.0,0.56,0.09,0.4849953055381775,0.01517495047301054,-1.0,-1.0,-1.0,-1.0,0.9955318570137024,1626.91,27.4486,364116.0,0.9818460600467982,6610.14
facebook,True,True,0.99,pagerank,100.0,0.84,0.06,0.6959396600723267,-0.009912160225212574,-1.0,-1.0,-1.0,-1.0,0.9900003671646118,3641.0,2.4212,364116.0,2.8013050786235282e-06,364114.98
facebook,True,True,0.99,pgmexplainer,100.0,0.64,0.06,0.5406979918479919,-0.009912160225212574,-1.0,-1.0,-1.0,-1.0,0.9937710762023926,2268.06,90.4232,364116.0,0.9495059266827056,18385.7
facebook,True,True,0.99,random,100.0,0.06,0.81,-0.009912124834954739,0.661893367767334,-1.0,-1.0,-1.0,-1.0,0.9900003671646118,3641.0,0.0039,364116.0,2.7463775280622826e-06,364115.0
facebook,True,True,0.99,sa,100.0,0.14,0.76,0.06579481810331345,0.62041836977005,-1.0,-1.0,-1.0,-1.0,0.9986368417739868,496.33,0.0301,364116.0,0.86995495940854,47351.48
facebook,True,True,0.997,distance,100.0,0.69,0.05,0.5750086903572083,-0.019912175834178925,-1.0,-1.0,-1.0,-1.0,0.9970008134841919,1092.0,2.1456,364116.0,3.070450076349873e-05,364104.82
facebook,True,True,0.997,gnnexplainer,100.0,0.45,0.18,0.3857947885990143,0.08142314851284027,-1.0,-1.0,-1.0,-1.0,0.9982187747955322,648.58,1.2735,364116.0,0.9818460600467982,6610.14
facebook,True,True,0.997,ig,100.0,0.57,0.05,0.46814480423927307,-0.024769039824604988,-1.0,-1.0,-1.0,-1.0,0.9970797896385193,1063.24,1.1887,364116.0,0.031177784002900197,352763.67
facebook,True,True,0.997,occlusion,100.0,0.45,0.13,0.37364792823791504,0.04576288163661957,-1.0,-1.0,-1.0,-1.0,0.9982187747955322,648.58,18.1565,364116.0,0.9818460600467982,6610.14
facebook,True,True,0.997,pagerank,100.0,0.84,0.05,0.6959396600723267,-0.01991215907037258,-1.0,-1.0,-1.0,-1.0,0.9970008134841919,1092.0,2.9835,364116.0,2.8013050786235282e-06,364114.98
facebook,True,True,0.997,pgmexplainer,100.0,0.53,0.07,0.44372886419296265,-4.5530498027801514e-05,-1.0,-1.0,-1.0,-1.0,0.9977697730064392,812.04,158.5464,364116.0,0.9495059266827056,18385.7
facebook,True,True,0.997,random,100.0,0.06,0.84,-0.009912158362567425,0.6995408535003662,-1.0,-1.0,-1.0,-1.0,0.9970008134841919,1092.0,0.0041,364116.0,2.7463775280622826e-06,364115.0
facebook,True,True,0.997,sa,100.0,0.13,0.76,0.055794816464185715,0.6196547150611877,-1.0,-1.0,-1.0,-1.0,0.9995468854904175,164.96,0.021,364116.0,0.86995495940854,47351.48
pubmed,False,False,0.0,distance,100.0,-1.0,-1.0,-1.0,-1.0,0.28,0.15,0.3435116112232208,0.24422292411327362,7.65973309171386e-05,108356.7,1.5639,108365.0,7.659299589348966e-05,108356.7
pubmed,False,False,0.0,gnnexplainer,100.0,-1.0,-1.0,-1.0,-1.0,0.34,0.13,0.3484230935573578,0.2550398111343384,0.996550440788269,373.82,1.1904,108365.0,0.996550362201818,373.82
pubmed,False,False,0.0,occlusion,100.0,-1.0,-1.0,-1.0,-1.0,0.74,0.03,0.49472519755363464,0.028965240344405174,0.996550440788269,373.82,2.2406,108365.0,0.996550362201818,373.82
pubmed,False,False,0.0,pagerank,100.0,-1.0,-1.0,-1.0,-1.0,0.3,0.17,0.38261836767196655,0.22193220257759094,1.5243292182276491e-05,108363.35,1.7847,108365.0,1.5226318460721533e-05,108363.35
pubmed,False,False,0.0,pgmexplainer,100.0,-1.0,-1.0,-1.0,-1.0,0.48,0.04,0.45246079564094543,0.10000752657651901,0.9869774580001831,1411.18,146.2997,108365.0,0.9869775296451802,1411.18
pubmed,False,False,0.0,random,100.0,-1.0,-1.0,-1.0,-1.0,0.24,0.22,0.30942240357398987,0.30483120679855347,9.238719940185547e-06,108364.0,0.0009,108365.0,9.228071794376014e-06,108364.0
pubmed,False,False,0.7,distance,100.0,-1.0,-1.0,-1.0,-1.0,0.28,0.15,0.3435116112232208,0.24422292411327362,0.7000045776367188,32509.0,1.5548,108365.0,7.659299589348966e-05,108356.7
pubmed,False,False,0.7,gnnexplainer,100.0,-1.0,-1.0,-1.0,-1.0,0.34,0.1,0.3627389073371887,0.24461323022842407,0.996550440788269,373.82,1.2059,108365.0,0.996550362201818,373.82
pubmed,False,False,0.7,occlusion,100.0,-1.0,-1.0,-1.0,-1.0,0.74,0.03,0.49472519755363464,0.02896522916853428,0.996550440788269,373.82,2.7216,108365.0,0.996550362201818,373.82
pubmed,False,False,0.7,pagerank,100.0,-1.0,-1.0,-1.0,-1.0,0.3,0.17,0.38261836767196655,0.22193220257759094,0.7000045776367188,32509.0,1.7404,108365.0,1.5226318460721533e-05,108363.35
pubmed,False,False,0.7,pgmexplainer,100.0,-1.0,-1.0,-1.0,-1.0,0.48,0.04,0.45246079564094543,0.10000752657651901,0.9869774580001831,1411.18,150.3527,108365.0,0.9869775296451802,1411.18
pubmed,False,False,0.7,random,100.0,-1.0,-1.0,-1.0,-1.0,0.16,0.42,0.15846848487854004,0.4260249435901642,0.7000045776367188,32509.0,0.001,108365.0,9.228071794376014e-06,108364.0
pubmed,False,False,0.99,distance,100.0,-1.0,-1.0,-1.0,-1.0,0.27,0.19,0.3368445336818695,0.25031474232673645,0.9900057911872864,1083.0,1.32,108365.0,7.659299589348966e-05,108356.7
pubmed,False,False,0.99,gnnexplainer,100.0,-1.0,-1.0,-1.0,-1.0,0.38,0.1,0.37538063526153564,0.22591155767440796,0.9976933002471924,249.97,0.8278,108365.0,0.996550362201818,373.82
pubmed,False,False,0.99,occlusion,100.0,-1.0,-1.0,-1.0,-1.0,0.7,0.06,0.4734501242637634,0.05561742186546326,0.9976933002471924,249.97,2.8733,108365.0,0.996550362201818,373.82
pubmed,False,False,0.99,pagerank,100.0,-1.0,-1.0,-1.0,-1.0,0.3,0.17,0.38259419798851013,0.2219671607017517,0.9900057911872864,1083.0,1.8121,108365.0,1.5226318460721533e-05,108363.35
pubmed,False,False,0.99,pgmexplainer,100.0,-1.0,-1.0,-1.0,-1.0,0.46,0.06,0.4464961290359497,0.10871045291423798,0.9947458505630493,569.35,131.9743,108365.0,0.9869775296451802,1411.18
pubmed,False,False,0.99,random,100.0,-1.0,-1.0,-1.0,-1.0,0.01,0.71,0.008095408789813519,0.49543657898902893,0.9900057911872864,1083.0,0.0011,108365.0,9.228071794376014e-06,108364.0
pubmed,False,False,0.997,distance,100.0,-1.0,-1.0,-1.0,-1.0,0.23,0.21,0.3200836479663849,0.26254862546920776,0.9970008134841919,325.0,1.574,108365.0,7.659299589348966e-05,108356.7
pubmed,False,False,0.997,gnnexplainer,100.0,-1.0,-1.0,-1.0,-1.0,0.29,0.15,0.3366147577762604,0.24366720020771027,0.998614490032196,150.15,0.6436,108365.0,0.996550362201818,373.82
pubmed,False,False,0.997,occlusion,100.0,-1.0,-1.0,-1.0,-1.0,0.57,0.11,0.43026062846183777,0.109347864985466,0.998614490032196,150.15,2.8591,108365.0,0.996550362201818,373.82
pubmed,False,False,0.997,pagerank,100.0,-1.0,-1.0,-1.0,-1.0,0.3,0.17,0.382146418094635,0.22262781858444214,0.9970008134841919,325.0,1.7589,108365.0,1.5226318460721533e-05,108363.35
pubmed,False,False,0.997,pgmexplainer,100.0,-1.0,-1.0,-1.0,-1.0,0.42,0.09,0.42367562651634216,0.12824955582618713,0.9976068735122681,259.32,134.6151,108365.0,0.9869775296451802,1411.18
pubmed,False,False,0.997,random,100.0,-1.0,-1.0,-1.0,-1.0,0.01,0.72,0.0036275810562074184,0.49803540110588074,0.9970008134841919,325.0,0.0011,108365.0,9.228071794376014e-06,108364.0
pubmed,False,True,0.0,distance,100.0,-1.0,-1.0,-1.0,-1.0,0.72,0.07,0.4971417486667633,0.16274365782737732,7.65973309171386e-05,108356.7,1.5794,108365.0,7.659299589348966e-05,108356.7
pubmed,False,True,0.0,gnnexplainer,100.0,-1.0,-1.0,-1.0,-1.0,0.72,0.07,0.4971417486667633,0.16274365782737732,0.996550440788269,373.82,0.8586,108365.0,0.996550362201818,373.82
pubmed,False,True,0.0,occlusion,100.0,-1.0,-1.0,-1.0,-1.0,0.72,0.07,0.4971417486667633,0.1627436876296997,0.996550440788269,373.82,2.2275,108365.0,0.996550362201818,373.82
pubmed,False,True,0.0,pagerank,100.0,-1.0,-1.0,-1.0,-1.0,0.72,0.07,0.4971417486667633,0.1627436876296997,1.5243292182276491e-05,108363.35,1.4578,108365.0,1.5226318460721533e-05,108363.35
pubmed,False,True,0.0,pgmexplainer,100.0,-1.0,-1.0,-1.0,-1.0,0.72,0.07,0.4971417486667633,0.1627436876296997,0.9869774580001831,1411.18,94.476,108365.0,0.9869775296451802,1411.18
pubmed,False,True,0.0,random,100.0,-1.0,-1.0,-1.0,-1.0,0.72,0.07,0.4971417486667633,0.1627436876296997,9.238719940185547e-06,108364.0,0.0009,108365.0,9.228071794376014e-06,108364.0
pubmed,False,True,0.7,distance,100.0,-1.0,-1.0,-1.0,-1.0,0.72,0.07,0.4971417486667633,0.16274365782737732,0.7000045776367188,32509.0,1.5553,108365.0,7.659299589348966e-05,108356.7
pubmed,False,True,0.7,gnnexplainer,100.0,-1.0,-1.0,-1.0,-1.0,0.72,0.07,0.4971417486667633,0.16274365782737732,0.996550440788269,373.82,1.1813,108365.0,0.996550362201818,373.82
pubmed,False,True,0.7,occlusion,100.0,-1.0,-1.0,-1.0,-1.0,0.72,0.07,0.4971417486667633,0.1627436876296997,0.996550440788269,373.82,2.3354,108365.0,0.996550362201818,373.82
pubmed,False,True,0.7,pagerank,100.0,-1.0,-1.0,-1.0,-1.0,0.72,0.07,0.4971417486667633,0.16274365782737732,0.7000045776367188,32509.0,1.7523,108365.0,1.5226318460721533e-05,108363.35
pubmed,False,True,0.7,pgmexplainer,100.0,-1.0,-1.0,-1.0,-1.0,0.72,0.07,0.4971417486667633,0.16274365782737732,0.9869774580001831,1411.18,129.8273,108365.0,0.9869775296451802,1411.18
pubmed,False,True,0.7,random,100.0,-1.0,-1.0,-1.0,-1.0,0.12,0.16,0.17371539771556854,0.27201634645462036,0.7000045776367188,32509.0,0.001,108365.0,9.228071794376014e-06,108364.0
pubmed,False,True,0.99,distance,100.0,-1.0,-1.0,-1.0,-1.0,0.72,0.07,0.4971417486667633,0.1627429574728012,0.9900057911872864,1083.0,1.1724,108365.0,7.659299589348966e-05,108356.7
pubmed,False,True,0.99,gnnexplainer,100.0,-1.0,-1.0,-1.0,-1.0,0.65,0.07,0.4557979106903076,0.16274364292621613,0.9976933002471924,249.97,1.2336,108365.0,0.996550362201818,373.82
pubmed,False,True,0.99,occlusion,100.0,-1.0,-1.0,-1.0,-1.0,0.65,0.07,0.4557979106903076,0.16274365782737732,0.9976933002471924,249.97,2.7237,108365.0,0.996550362201818,373.82
pubmed,False,True,0.99,pagerank,100.0,-1.0,-1.0,-1.0,-1.0,0.72,0.07,0.4971417486667633,0.1627436876296997,0.9900057911872864,1083.0,1.2875,108365.0,1.5226318460721533e-05,108363.35
pubmed,False,True,0.99,pgmexplainer,100.0,-1.0,-1.0,-1.0,-1.0,0.69,0.06,0.48154041171073914,0.1645873636007309,0.9947458505630493,569.35,142.775,108365.0,0.9869775296451802,1411.18
pubmed,False,True,0.99,random,100.0,-1.0,-1.0,-1.0,-1.0,0.07,0.68,0.15959590673446655,0.49865520000457764,0.9900057911872864,1083.0,0.0011,108365.0,9.228071794376014e-06,108364.0
pubmed,False,True,0.997,distance,100.0,-1.0,-1.0,-1.0,-1.0,0.67,0.06,0.47276318073272705,0.16396842896938324,0.9970008134841919,325.0,1.5602,108365.0,7.659299589348966e-05,108356.7
pubmed,False,True,0.997,gnnexplainer,100.0,-1.0,-1.0,-1.0,-1.0,0.54,0.1,0.4258067309856415,0.17065639793872833,0.998614490032196,150.15,0.8821,108365.0,0.996550362201818,373.82
pubmed,False,True,0.997,occlusion,100.0,-1.0,-1.0,-1.0,-1.0,0.54,0.07,0.4214853346347809,0.17048612236976624,0.998614490032196,150.15,2.7429,108365.0,0.996550362201818,373.82
pubmed,False,True,0.997,pagerank,100.0,-1.0,-1.0,-1.0,-1.0,0.72,0.07,0.4971417486667633,0.16274365782737732,0.9970008134841919,325.0,1.734,108365.0,1.5226318460721533e-05,108363.35
pubmed,False,True,0.997,pgmexplainer,100.0,-1.0,-1.0,-1.0,-1.0,0.62,0.07,0.4405200183391571,0.1632900834083557,0.9976068735122681,259.32,133.3624,108365.0,0.9869775296451802,1411.18
pubmed,False,True,0.997,random,100.0,-1.0,-1.0,-1.0,-1.0,0.07,0.72,0.1597900688648224,0.5001046657562256,0.9970008134841919,325.0,0.0013,108365.0,9.228071794376014e-06,108364.0
pubmed,True,False,0.0,distance,100.0,0.3,0.1,0.3824320137500763,0.2515680193901062,-1.0,-1.0,-1.0,-1.0,7.807016663718969e-05,108356.54,1.5664,108365.0,7.806948738060204e-05,108356.54
pubmed,True,False,0.0,gnnexplainer,100.0,0.39,0.08,0.4137166142463684,0.2366987019777298,-1.0,-1.0,-1.0,-1.0,0.9962751865386963,403.64,0.8606,108365.0,0.9962751811009088,403.64
pubmed,True,False,0.0,ig,100.0,0.46,0.04,0.4436875581741333,0.1777574121952057,-1.0,-1.0,-1.0,-1.0,0.08986087143421173,98627.23,1.2117,108365.0,0.08986084067734064,98627.23
pubmed,True,False,0.0,occlusion,100.0,0.8,0.05,0.5579912066459656,0.029184293001890182,-1.0,-1.0,-1.0,-1.0,0.9962751865386963,403.64,2.9895,108365.0,0.9962751811009088,403.64
pubmed,True,False,0.0,pagerank,100.0,0.37,0.11,0.4360465705394745,0.21086959540843964,-1.0,-1.0,-1.0,-1.0,1.5704035831731744e-05,108363.3,1.8139,108365.0,1.5687722050442553e-05,108363.3
pubmed,True,False,0.0,pgmexplainer,100.0,0.55,0.01,0.4979880452156067,0.10354919731616974,-1.0,-1.0,-1.0,-1.0,0.985414981842041,1580.5,191.2359,108365.0,0.9854150325289528,1580.5
pubmed,True,False,0.0,random,100.0,0.22,0.28,0.3255784213542938,0.3381539583206177,-1.0,-1.0,-1.0,-1.0,9.238719940185547e-06,108364.0,0.0009,108365.0,9.228071794376014e-06,108364.0
pubmed,True,False,0.0,sa,100.0,0.21,0.51,0.1814131885766983,0.40848788619041443,-1.0,-1.0,-1.0,-1.0,0.6475208401679993,38196.41,0.0578,108365.0,0.6475207862317172,38196.41
pubmed,True,False,0.7,distance,100.0,0.3,0.1,0.3824320137500763,0.2515680193901062,-1.0,-1.0,-1.0,-1.0,0.7000045776367188,32509.0,1.5452,108365.0,7.806948738060204e-05,108356.54
pubmed,True,False,0.7,gnnexplainer,100.0,0.41,0.11,0.3960515558719635,0.25243455171585083,-1.0,-1.0,-1.0,-1.0,0.9962751865386963,403.64,1.2416,108365.0,0.9962751811009088,403.64
pubmed,True,False,0.7,ig,100.0,0.45,0.05,0.44275975227355957,0.1781882345676422,-1.0,-1.0,-1.0,-1.0,0.7268551588058472,29599.34,0.6887,108365.0,0.08986084067734064,98627.23
pubmed,True,False,0.7,occlusion,100.0,0.8,0.05,0.5579912066459656,0.029184293001890182,-1.0,-1.0,-1.0,-1.0,0.9962751865386963,403.64,2.8991,108365.0,0.9962751811009088,403.64
pubmed,True,False,0.7,pagerank,100.0,0.37,0.11,0.4360465705394745,0.21086959540843964,-1.0,-1.0,-1.0,-1.0,0.7000045776367188,32509.0,1.4264,108365.0,1.5687722050442553e-05,108363.3
pubmed,True,False,0.7,pgmexplainer,100.0,0.55,0.01,0.4979880452156067,0.10354919731616974,-1.0,-1.0,-1.0,-1.0,0.985414981842041,1580.5,131.8801,108365.0,0.9854150325289528,1580.5
pubmed,True,False,0.7,random,100.0,0.11,0.54,0.1562226563692093,0.4722117483615875,-1.0,-1.0,-1.0,-1.0,0.7000045776367188,32509.0,0.001,108365.0,9.228071794376014e-06,108364.0
pubmed,True,False,0.7,sa,100.0,0.21,0.5,0.15872980654239655,0.4132315516471863,-1.0,-1.0,-1.0,-1.0,0.8924797177314758,11651.44,0.0633,108365.0,0.6475207862317172,38196.41
pubmed,True,False,0.99,distance,100.0,0.3,0.12,0.3748759329319,0.25834888219833374,-1.0,-1.0,-1.0,-1.0,0.9900057911872864,1083.0,1.2443,108365.0,7.806948738060204e-05,108356.54
pubmed,True,False,0.99,gnnexplainer,100.0,0.35,0.18,0.37626412510871887,0.2702127993106842,-1.0,-1.0,-1.0,-1.0,0.9975817799568176,262.05,1.2294,108365.0,0.9962751811009088,403.64
pubmed,True,False,0.99,ig,100.0,0.45,0.05,0.43999210000038147,0.18183809518814087,-1.0,-1.0,-1.0,-1.0,0.9907562136650085,1001.68,1.2051,108365.0,0.08986084067734064,98627.23
pubmed,True,False,0.99,occlusion,100.0,0.73,0.08,0.5281704068183899,0.07038792967796326,-1.0,-1.0,-1.0,-1.0,0.9975817799568176,262.05,2.489,108365.0,0.9962751811009088,403.64
pubmed,True,False,0.99,pagerank,100.0,0.37,0.11,0.43601351976394653,0.2109183520078659,-1.0,-1.0,-1.0,-1.0,0.9900057911872864,1083.0,1.8816,108365.0,1.5687722050442553e-05,108363.3
pubmed,True,False,0.99,pgmexplainer,100.0,0.55,0.02,0.49229180812835693,0.11203187704086304,-1.0,-1.0,-1.0,-1.0,0.9941971302032471,628.82,139.956,108365.0,0.9854150325289528,1580.5
pubmed,True,False,0.99,random,100.0,0.0,0.78,0.000378403376089409,0.5546332001686096,-1.0,-1.0,-1.0,-1.0,0.9900057911872864,1083.0,0.0011,108365.0,9.228071794376014e-06,108364.0
pubmed,True,False,0.99,sa,100.0,0.2,0.5,0.15572217106819153,0.41527077555656433,-1.0,-1.0,-1.0,-1.0,0.9944815039634705,598.01,0.0604,108365.0,0.6475207862317172,38196.41
pubmed,True,False,0.997,distance,100.0,0.28,0.15,0.3487819731235504,0.2757876515388489,-1.0,-1.0,-1.0,-1.0,0.9970008134841919,325.0,1.5709,108365.0,7.806948738060204e-05,108356.54
pubmed,True,False,0.997,gnnexplainer,100.0,0.38,0.16,0.36206725239753723,0.269402414560318,-1.0,-1.0,-1.0,-1.0,0.9985586404800415,156.2,0.61,108365.0,0.9962751811009088,403.64
pubmed,True,False,0.997,ig,100.0,0.44,0.07,0.4322967827320099,0.1949741393327713,-1.0,-1.0,-1.0,-1.0,0.9971493482589722,308.9,1.1983,108365.0,0.08986084067734064,98627.23
pubmed,True,False,0.997,occlusion,100.0,0.63,0.16,0.47091686725616455,0.12431414425373077,-1.0,-1.0,-1.0,-1.0,0.9985586404800415,156.2,2.8598,108365.0,0.9962751811009088,403.64
pubmed,True,False,0.997,pagerank,100.0,0.36,0.11,0.4355968236923218,0.21147769689559937,-1.0,-1.0,-1.0,-1.0,0.9970008134841919,325.0,1.6875,108365.0,1.5687722050442553e-05,108363.3
pubmed,True,False,0.997,pgmexplainer,100.0,0.48,0.05,0.465177983045578,0.13281141221523285,-1.0,-1.0,-1.0,-1.0,0.9975882172584534,261.35,147.9112,108365.0,0.9854150325289528,1580.5
pubmed,True,False,0.997,random,100.0,0.0,0.79,0.0005525004817172885,0.5548387169837952,-1.0,-1.0,-1.0,-1.0,0.9970008134841919,325.0,0.0011,108365.0,9.228071794376014e-06,108364.0
pubmed,True,False,0.997,sa,100.0,0.19,0.51,0.15562957525253296,0.4162914752960205,-1.0,-1.0,-1.0,-1.0,0.9981018900871277,205.69,0.0427,108365.0,0.6475207862317172,38196.41
pubmed,True,True,0.0,distance,100.0,0.79,0.02,0.5549183487892151,-0.11493717133998871,-1.0,-1.0,-1.0,-1.0,7.807016663718969e-05,108356.54,1.6043,108365.0,7.806948738060204e-05,108356.54
pubmed,True,True,0.0,gnnexplainer,100.0,0.79,0.02,0.5549183487892151,-0.11493717133998871,-1.0,-1.0,-1.0,-1.0,0.9962751865386963,403.64,0.8659,108365.0,0.9962751811009088,403.64
pubmed,True,True,0.0,ig,100.0,0.79,0.01,0.5618936419487,-0.12493383139371872,-1.0,-1.0,-1.0,-1.0,0.08986087143421173,98627.23,1.2013,108365.0,0.08986084067734064,98627.23
pubmed,True,True,0.0,occlusion,100.0,0.79,0.02,0.5549183487892151,-0.1149371787905693,-1.0,-1.0,-1.0,-1.0,0.9962751865386963,403.64,2.225,108365.0,0.9962751811009088,403.64
pubmed,True,True,0.0,pagerank,100.0,0.79,0.02,0.5549183487892151,-0.1149371787905693,-1.0,-1.0,-1.0,-1.0,1.5704035831731744e-05,108363.3,1.5192,108365.0,1.5687722050442553e-05,108363.3
pubmed,True,True,0.0,pgmexplainer,100.0,0.79,0.02,0.5549183487892151,-0.1149371787905693,-1.0,-1.0,-1.0,-1.0,0.985414981842041,1580.5,91.7395,108365.0,0.9854150325289528,1580.5
pubmed,True,True,0.0,random,100.0,0.79,0.02,0.5549183487892151,-0.1149371787905693,-1.0,-1.0,-1.0,-1.0,9.238719940185547e-06,108364.0,0.001,108365.0,9.228071794376014e-06,108364.0
pubmed,True,True,0.0,sa,100.0,0.3,0.43,0.10674071311950684,0.2589973211288452,-1.0,-1.0,-1.0,-1.0,0.6475208401679993,38196.41,0.0571,108365.0,0.6475207862317172,38196.41
pubmed,True,True,0.7,distance,100.0,0.79,0.02,0.5549183487892151,-0.11493717133998871,-1.0,-1.0,-1.0,-1.0,0.7000045776367188,32509.0,1.6528,108365.0,7.806948738060204e-05,108356.54
pubmed,True,True,0.7,gnnexplainer,100.0,0.79,0.02,0.5549183487892151,-0.11493717133998871,-1.0,-1.0,-1.0,-1.0,0.9962751865386963,403.64,1.2255,108365.0,0.9962751811009088,403.64
pubmed,True,True,0.7,ig,100.0,0.77,0.01,0.5541926622390747,-0.1322169005870819,-1.0,-1.0,-1.0,-1.0,0.7268551588058472,29599.34,1.2029,108365.0,0.08986084067734064,98627.23
pubmed,True,True,0.7,occlusion,100.0,0.79,0.02,0.5549183487892151,-0.11493717133998871,-1.0,-1.0,-1.0,-1.0,0.9962751865386963,403.64,2.8693,108365.0,0.9962751811009088,403.64
pubmed,True,True,0.7,pagerank,100.0,0.79,0.02,0.5549183487892151,-0.11493717133998871,-1.0,-1.0,-1.0,-1.0,0.7000045776367188,32509.0,1.7517,108365.0,1.5687722050442553e-05,108363.3
pubmed,True,True,0.7,pgmexplainer,100.0,0.79,0.02,0.5549183487892151,-0.11493717133998871,-1.0,-1.0,-1.0,-1.0,0.985414981842041,1580.5,137.3445,108365.0,0.9854150325289528,1580.5
pubmed,True,True,0.7,random,100.0,0.08,0.31,-0.053121160715818405,0.15955789387226105,-1.0,-1.0,-1.0,-1.0,0.7000045776367188,32509.0,0.0011,108365.0,9.228071794376014e-06,108364.0
pubmed,True,True,0.7,sa,100.0,0.3,0.52,0.0896855890750885,0.3602907061576843,-1.0,-1.0,-1.0,-1.0,0.8924797177314758,11651.44,0.058,108365.0,0.6475207862317172,38196.41
pubmed,True,True,0.99,distance,100.0,0.79,0.02,0.5549183487892151,-0.1149371787905693,-1.0,-1.0,-1.0,-1.0,0.9900057911872864,1083.0,1.3759,108365.0,7.806948738060204e-05,108356.54
pubmed,True,True,0.99,gnnexplainer,100.0,0.68,0.02,0.46962082386016846,-0.1149371787905693,-1.0,-1.0,-1.0,-1.0,0.9975817799568176,262.05,0.7018,108365.0,0.9962751811009088,403.64
pubmed,True,True,0.99,ig,100.0,0.76,0.01,0.5465433597564697,-0.1322169005870819,-1.0,-1.0,-1.0,-1.0,0.9907562136650085,1001.68,1.2008,108365.0,0.08986084067734064,98627.23
pubmed,True,True,0.99,occlusion,100.0,0.68,0.02,0.4695238471031189,-0.11492309719324112,-1.0,-1.0,-1.0,-1.0,0.9975817799568176,262.05,2.9406,108365.0,0.9962751811009088,403.64
pubmed,True,True,0.99,pagerank,100.0,0.79,0.02,0.5549183487892151,-0.11493717133998871,-1.0,-1.0,-1.0,-1.0,0.9900057911872864,1083.0,1.811,108365.0,1.5687722050442553e-05,108363.3
pubmed,True,True,0.99,pgmexplainer,100.0,0.77,0.01,0.537270724773407,-0.12491346150636673,-1.0,-1.0,-1.0,-1.0,0.9941971302032471,628.82,132.6345,108365.0,0.9854150325289528,1580.5
pubmed,True,True,0.99,random,100.0,0.02,0.78,-0.11493717133998871,0.5518909692764282,-1.0,-1.0,-1.0,-1.0,0.9900057911872864,1083.0,0.001,108365.0,9.228071794376014e-06,108364.0
pubmed,True,True,0.99,sa,100.0,0.29,0.52,0.08759523183107376,0.3602907061576843,-1.0,-1.0,-1.0,-1.0,0.9944815039634705,598.01,0.0572,108365.0,0.6475207862317172,38196.41
pubmed,True,True,0.997,distance,100.0,0.69,0.02,0.47834762930870056,-0.11264253407716751,-1.0,-1.0,-1.0,-1.0,0.9970008134841919,325.0,1.5719,108365.0,7.806948738060204e-05,108356.54
pubmed,True,True,0.997,gnnexplainer,100.0,0.62,0.04,0.4224540591239929,-0.09903158247470856,-1.0,-1.0,-1.0,-1.0,0.9985586404800415,156.2,0.6379,108365.0,0.9962751811009088,403.64
pubmed,True,True,0.997,ig,100.0,0.72,0.04,0.5287848711013794,-0.10797228664159775,-1.0,-1.0,-1.0,-1.0,0.9971493482589722,308.9,1.168,108365.0,0.08986084067734064,98627.23
pubmed,True,True,0.997,occlusion,100.0,0.6,0.08,0.40768393874168396,-0.06359140574932098,-1.0,-1.0,-1.0,-1.0,0.9985586404800415,156.2,2.8375,108365.0,0.9962751811009088,403.64
pubmed,True,True,0.997,pagerank,100.0,0.79,0.02,0.5549183487892151,-0.11493717133998871,-1.0,-1.0,-1.0,-1.0,0.9970008134841919,325.0,1.7608,108365.0,1.5687722050442553e-05,108363.3
pubmed,True,True,0.997,pgmexplainer,100.0,0.67,0.01,0.4606999158859253,-0.12493989616632462,-1.0,-1.0,-1.0,-1.0,0.9975882172584534,261.35,138.8522,108365.0,0.9854150325289528,1580.5
pubmed,True,True,0.997,random,100.0,0.02,0.79,-0.11493717133998871,0.5519554615020752,-1.0,-1.0,-1.0,-1.0,0.9970008134841919,325.0,0.0012,108365.0,9.228071794376014e-06,108364.0
pubmed,True,True,0.997,sa,100.0,0.3,0.51,0.09787177294492722,0.34668219089508057,-1.0,-1.0,-1.0,-1.0,0.9981018900871277,205.69,0.0605,108365.0,0.6475207862317172,38196.41
